-- ============================================================
-- Njoum — Dev Seed Data (schema-accurate, April 2026)
-- Run in Supabase SQL Editor (runs as service role, bypasses RLS)
-- ============================================================

-- ── 1. USERS ────────────────────────────────────────────────
-- Schema columns: id, auth_id, email, full_name, avatar_url, age_range,
--   country, locale, role, is_verified, is_active, safe_word,
--   deleted_at, created_at, updated_at
INSERT INTO users (id, email, full_name, role, country, locale, age_range, is_verified, is_active, created_at)
VALUES
  ('00000000-0000-0000-0000-000000000001', 'hadimoustafa2024@gmail.com', 'هادي مصطفى',       'super_admin',         'LB', 'ar', '25+',   TRUE,  TRUE,  NOW() - INTERVAL '90 days'),
  ('00000000-0000-0000-0000-000000000002', 'admin2@njoum.app',          'سلمى الراشد',        'super_admin',         'LB', 'ar', '25+',   TRUE,  TRUE,  NOW() - INTERVAL '85 days'),
  ('00000000-0000-0000-0000-000000000003', 'dana.admin@njoum.app',      'دانا طاهر',          'content_admin',       'LB', 'ar', '25+',   TRUE,  TRUE,  NOW() - INTERVAL '80 days'),
  ('00000000-0000-0000-0000-000000000004', 'rima.content@njoum.app',    'ريما حداد',          'content_admin',       'LB', 'ar', '25+',   TRUE,  TRUE,  NOW() - INTERVAL '75 days'),
  ('00000000-0000-0000-0000-000000000005', 'hiba.mod@njoum.app',        'هبة الخوري',         'community_moderator', 'LB', 'ar', '25+',   TRUE,  TRUE,  NOW() - INTERVAL '70 days'),
  ('00000000-0000-0000-0000-000000000006', 'sara.mentor@njoum.app',     'سارة خليل',          'mentor',              'LB', 'ar', '25+',   TRUE,  TRUE,  NOW() - INTERVAL '60 days'),
  ('00000000-0000-0000-0000-000000000007', 'nadia.mentor@njoum.app',    'نادية يوسف',         'mentor',              'SA', 'ar', '25+',   TRUE,  TRUE,  NOW() - INTERVAL '55 days'),
  ('00000000-0000-0000-0000-000000000008', 'jana.mentor@njoum.app',     'جنى سلامة',          'mentor',              'LB', 'ar', '18-24', TRUE,  TRUE,  NOW() - INTERVAL '50 days'),
  ('00000000-0000-0000-0000-000000000009', 'layla@test.com',            'ليلى حسن',           'girl',                'LB', 'ar', '13-17', TRUE,  TRUE,  NOW() - INTERVAL '45 days'),
  ('00000000-0000-0000-0000-000000000010', 'reem@test.com',             'ريم محمد',           'girl',                'SA', 'ar', '13-17', TRUE,  TRUE,  NOW() - INTERVAL '40 days'),
  ('00000000-0000-0000-0000-000000000011', 'nour@test.com',             'نور عبدالله',        'girl',                'LB', 'ar', '18-24', TRUE,  TRUE,  NOW() - INTERVAL '35 days'),
  ('00000000-0000-0000-0000-000000000012', 'fatima@test.com',           'فاطمة أحمد',         'girl',                'AE', 'ar', '18-24', TRUE,  TRUE,  NOW() - INTERVAL '30 days'),
  ('00000000-0000-0000-0000-000000000013', 'zainab@test.com',           'زينب كريم',          'girl',                'LB', 'ar', '10-12', TRUE,  TRUE,  NOW() - INTERVAL '25 days'),
  ('00000000-0000-0000-0000-000000000014', 'mariam.parent@test.com',    'مريم ناصر',          'parent',              'LB', 'ar', '25+',   TRUE,  TRUE,  NOW() - INTERVAL '20 days'),
  ('00000000-0000-0000-0000-000000000015', 'lara.banned@test.com',      'لارا جريصاتي',       'girl',                'LB', 'ar', '18-24', FALSE, TRUE,  NOW() - INTERVAL '15 days')
ON CONFLICT (email) DO NOTHING;

-- Ban user 15 (soft-delete = banned)
UPDATE users SET deleted_at = NOW() - INTERVAL '5 days'
WHERE id = '00000000-0000-0000-0000-000000000015' AND deleted_at IS NULL;

-- ── 2. HOTLINES ─────────────────────────────────────────────
-- Schema columns: id, name, category, phone, country, region, website_url,
--   is_verified, is_active, verified_by, last_checked_at, created_at, updated_at
-- Note: no 'description', no 'is_24h', no 'number', no 'country_code'
INSERT INTO hotlines (id, country, name, phone, category, is_verified, is_active, verified_by, last_checked_at)
VALUES
  -- Lebanon
  ('aa000000-0000-0000-0000-000000000001', 'LB', 'الشرطة اللبنانية',          '112',             'police',           TRUE,  TRUE,  '00000000-0000-0000-0000-000000000001', NOW() - INTERVAL '7 days'),
  ('aa000000-0000-0000-0000-000000000002', 'LB', 'الإطفاء',                    '175',             'fire',             TRUE,  TRUE,  '00000000-0000-0000-0000-000000000001', NOW() - INTERVAL '7 days'),
  ('aa000000-0000-0000-0000-000000000003', 'LB', 'خط دعم ضحايا العنف',        '1745',            'domestic_violence',TRUE,  TRUE,  '00000000-0000-0000-0000-000000000002', NOW() - INTERVAL '3 days'),
  ('aa000000-0000-0000-0000-000000000004', 'LB', 'الدعم النفسي — إيمباكت',    '+961 76 920 920', 'mental_health',    TRUE,  TRUE,  '00000000-0000-0000-0000-000000000002', NOW() - INTERVAL '14 days'),
  ('aa000000-0000-0000-0000-000000000005', 'LB', 'حماية الطفل',               '1554',            'child_protection', TRUE,  TRUE,  '00000000-0000-0000-0000-000000000001', NOW() - INTERVAL '5 days'),
  ('aa000000-0000-0000-0000-000000000006', 'LB', 'المساعدة القانونية — LTA',  '+961 1 980 520',  'legal_aid',        TRUE,  TRUE,  '00000000-0000-0000-0000-000000000003', NOW() - INTERVAL '10 days'),
  ('aa000000-0000-0000-0000-000000000007', 'LB', 'خط الإدمان',                '1293',            'addiction',        TRUE,  TRUE,  '00000000-0000-0000-0000-000000000002', NOW() - INTERVAL '20 days'),
  ('aa000000-0000-0000-0000-000000000008', 'LB', 'اضطرابات الأكل — Embrace',  '+961 1 971 171',  'eating_disorder',  FALSE, FALSE, '00000000-0000-0000-0000-000000000003', NOW() - INTERVAL '60 days'),
  -- Saudi Arabia
  ('aa000000-0000-0000-0000-000000000009', 'SA', 'الإسعاف',                   '911',             'police',           TRUE,  TRUE,  '00000000-0000-0000-0000-000000000001', NOW() - INTERVAL '15 days'),
  ('aa000000-0000-0000-0000-000000000010', 'SA', 'هيئة حقوق الإنسان',         '1900',            'legal_aid',        TRUE,  TRUE,  '00000000-0000-0000-0000-000000000001', NOW() - INTERVAL '15 days'),
  ('aa000000-0000-0000-0000-000000000011', 'SA', 'خط الدعم النفسي',           '920033360',       'mental_health',    TRUE,  TRUE,  '00000000-0000-0000-0000-000000000002', NOW() - INTERVAL '20 days'),
  ('aa000000-0000-0000-0000-000000000012', 'SA', 'حماية الطفل',               '1919',            'child_protection', TRUE,  TRUE,  '00000000-0000-0000-0000-000000000002', NOW() - INTERVAL '12 days'),
  ('aa000000-0000-0000-0000-000000000013', 'SA', 'خط العنف الأسري',           '1919',            'domestic_violence',TRUE,  TRUE,  '00000000-0000-0000-0000-000000000002', NOW() - INTERVAL '12 days'),
  -- UAE
  ('aa000000-0000-0000-0000-000000000014', 'AE', 'الطوارئ',                   '999',             'police',           TRUE,  TRUE,  '00000000-0000-0000-0000-000000000001', NOW() - INTERVAL '10 days'),
  ('aa000000-0000-0000-0000-000000000015', 'AE', 'خط دعم المرأة',             '800966363',       'domestic_violence',TRUE,  TRUE,  '00000000-0000-0000-0000-000000000001', NOW() - INTERVAL '10 days'),
  ('aa000000-0000-0000-0000-000000000016', 'AE', 'الصحة النفسية',             '800HOPE',         'mental_health',    TRUE,  TRUE,  '00000000-0000-0000-0000-000000000003', NOW() - INTERVAL '18 days'),
  ('aa000000-0000-0000-0000-000000000017', 'AE', 'حماية الطفل',               '800988',          'child_protection', TRUE,  TRUE,  '00000000-0000-0000-0000-000000000003', NOW() - INTERVAL '18 days'),
  -- Egypt
  ('aa000000-0000-0000-0000-000000000018', 'EG', 'الشرطة',                    '122',             'police',           TRUE,  TRUE,  '00000000-0000-0000-0000-000000000001', NOW() - INTERVAL '30 days'),
  ('aa000000-0000-0000-0000-000000000019', 'EG', 'الطوارئ الاجتماعية',        '16000',           'domestic_violence',TRUE,  TRUE,  '00000000-0000-0000-0000-000000000001', NOW() - INTERVAL '30 days'),
  ('aa000000-0000-0000-0000-000000000020', 'EG', 'الصحة النفسية',             '08008880700',     'mental_health',    TRUE,  TRUE,  '00000000-0000-0000-0000-000000000003', NOW() - INTERVAL '25 days')
ON CONFLICT DO NOTHING;

-- ── 3. COMMUNITY GROUPS ──────────────────────────────────────
-- Schema columns: id, name, description, is_private, category, creator_id,
--   member_count, is_active, created_at, updated_at
-- Note: 'created_by' does NOT exist — use 'creator_id'
INSERT INTO community_groups (id, name, description, category, is_private, creator_id)
VALUES
  ('cb000000-0000-0000-0000-000000000001', 'طالبات الجامعة',    'مساحة للطالبات الجامعيات لتبادل الخبرات والدعم',    'students',    FALSE, '00000000-0000-0000-0000-000000000001'),
  ('cb000000-0000-0000-0000-000000000002', 'دعم الناجيات',      'مجموعة دعم آمنة وسرية للناجيات — خاصة',            'survivors',   TRUE,  '00000000-0000-0000-0000-000000000002'),
  ('cb000000-0000-0000-0000-000000000003', 'الصحة النفسية',     'نقاشات وموارد للصحة النفسية — خاصة',               'mental_health',TRUE, '00000000-0000-0000-0000-000000000005'),
  ('cb000000-0000-0000-0000-000000000004', 'نجوم العامة',       'المجتمع العام لمستخدمات نجوم',                      'general',     FALSE, '00000000-0000-0000-0000-000000000001'),
  ('cb000000-0000-0000-0000-000000000005', 'مسار المهنة',       'فرص عمل ونصائح مهنية للمرأة',                      'career',      FALSE, '00000000-0000-0000-0000-000000000003')
ON CONFLICT DO NOTHING;

INSERT INTO group_memberships (group_id, user_id, role)
VALUES
  ('cb000000-0000-0000-0000-000000000001', '00000000-0000-0000-0000-000000000009', 'member'),
  ('cb000000-0000-0000-0000-000000000001', '00000000-0000-0000-0000-000000000011', 'member'),
  ('cb000000-0000-0000-0000-000000000001', '00000000-0000-0000-0000-000000000012', 'member'),
  ('cb000000-0000-0000-0000-000000000004', '00000000-0000-0000-0000-000000000009', 'member'),
  ('cb000000-0000-0000-0000-000000000004', '00000000-0000-0000-0000-000000000010', 'member'),
  ('cb000000-0000-0000-0000-000000000004', '00000000-0000-0000-0000-000000000011', 'member'),
  ('cb000000-0000-0000-0000-000000000004', '00000000-0000-0000-0000-000000000012', 'member'),
  ('cb000000-0000-0000-0000-000000000004', '00000000-0000-0000-0000-000000000013', 'member'),
  ('cb000000-0000-0000-0000-000000000005', '00000000-0000-0000-0000-000000000011', 'member'),
  ('cb000000-0000-0000-0000-000000000005', '00000000-0000-0000-0000-000000000012', 'member')
ON CONFLICT DO NOTHING;

-- ── 4. POSTS ────────────────────────────────────────────────
INSERT INTO posts (id, group_id, author_id, content, is_anonymous, is_flagged, created_at)
VALUES
  ('cd000000-0000-0000-0000-000000000001', 'cb000000-0000-0000-0000-000000000004', '00000000-0000-0000-0000-000000000009', 'أهلاً بالجميع! سعيدة بانضمامي إلى مجتمع نجوم 🌟',      FALSE, FALSE, NOW() - INTERVAL '30 days'),
  ('cd000000-0000-0000-0000-000000000002', 'cb000000-0000-0000-0000-000000000004', '00000000-0000-0000-0000-000000000011', 'كيف تتعاملين مع الضغط النفسي في موسم الامتحانات؟',     FALSE, FALSE, NOW() - INTERVAL '28 days'),
  ('cd000000-0000-0000-0000-000000000003', 'cb000000-0000-0000-0000-000000000001', '00000000-0000-0000-0000-000000000012', 'نصائح لإدارة الوقت بين الدراسة والحياة الشخصية',       FALSE, FALSE, NOW() - INTERVAL '25 days'),
  ('cd000000-0000-0000-0000-000000000004', 'cb000000-0000-0000-0000-000000000004', '00000000-0000-0000-0000-000000000010', 'هل يوجد مجموعة لمستخدمات من السعودية؟',               FALSE, FALSE, NOW() - INTERVAL '22 days'),
  ('cd000000-0000-0000-0000-000000000005', 'cb000000-0000-0000-0000-000000000004', '00000000-0000-0000-0000-000000000013', 'محتاجة مساعدة في موضوع يخص السلامة الشخصية',          TRUE,  FALSE, NOW() - INTERVAL '20 days'),
  ('cd000000-0000-0000-0000-000000000006', 'cb000000-0000-0000-0000-000000000005', '00000000-0000-0000-0000-000000000011', 'شاركت في مقابلة عمل اليوم — نصائح للمقابلات!',         FALSE, FALSE, NOW() - INTERVAL '18 days'),
  ('cd000000-0000-0000-0000-000000000007', 'cb000000-0000-0000-0000-000000000001', '00000000-0000-0000-0000-000000000009', 'ما هو تخصصك الجامعي؟ أنا في علم النفس 📚',             FALSE, FALSE, NOW() - INTERVAL '15 days'),
  ('cd000000-0000-0000-0000-000000000008', 'cb000000-0000-0000-0000-000000000004', '00000000-0000-0000-0000-000000000012', 'محتوى مسيء — هذا المنشور يحتوي على كلمات بذيئة',      FALSE, TRUE,  NOW() - INTERVAL '12 days'),
  ('cd000000-0000-0000-0000-000000000009', 'cb000000-0000-0000-0000-000000000004', '00000000-0000-0000-0000-000000000013', 'تجربتي مع تطبيق نجوم — رائعة جداً!',                  FALSE, FALSE, NOW() - INTERVAL '10 days'),
  ('cd000000-0000-0000-0000-000000000010', 'cb000000-0000-0000-0000-000000000004', '00000000-0000-0000-0000-000000000009', 'شاركوني تجاربكم في استخدام خط الطوارئ',               TRUE,  FALSE, NOW() - INTERVAL '5 days')
ON CONFLICT DO NOTHING;

-- ── 5. CONTENT REPORTS ───────────────────────────────────────
-- Schema: reported_by (not reporter_id), reviewed_by, target_type, target_id, reason, status
INSERT INTO content_reports (id, reported_by, target_type, target_id, reason, status, created_at)
VALUES
  ('de000000-0000-0000-0000-000000000001', '00000000-0000-0000-0000-000000000011', 'post',    'cd000000-0000-0000-0000-000000000008', 'محتوى مسيء ومضايق',               'open',         NOW() - INTERVAL '11 days'),
  ('de000000-0000-0000-0000-000000000002', '00000000-0000-0000-0000-000000000009', 'post',    'cd000000-0000-0000-0000-000000000008', 'كلمات غير لائقة',                  'open',         NOW() - INTERVAL '10 days'),
  ('de000000-0000-0000-0000-000000000003', '00000000-0000-0000-0000-000000000010', 'user',    '00000000-0000-0000-0000-000000000015', 'مضايقة وتهديد',                    'under_review', NOW() - INTERVAL '8 days'),
  ('de000000-0000-0000-0000-000000000004', '00000000-0000-0000-0000-000000000012', 'post',    'cd000000-0000-0000-0000-000000000005', 'محتوى مزعج',                       'resolved',     NOW() - INTERVAL '6 days'),
  ('de000000-0000-0000-0000-000000000005', '00000000-0000-0000-0000-000000000011', 'post',    'cd000000-0000-0000-0000-000000000004', 'إعلان غير مرغوب',                  'dismissed',    NOW() - INTERVAL '4 days'),
  ('de000000-0000-0000-0000-000000000006', '00000000-0000-0000-0000-000000000013', 'user',    '00000000-0000-0000-0000-000000000010', 'مشاركة معلومات شخصية دون إذن',     'open',         NOW() - INTERVAL '2 days'),
  ('de000000-0000-0000-0000-000000000007', '00000000-0000-0000-0000-000000000009', 'post',    'cd000000-0000-0000-0000-000000000007', 'رسائل إشكالية',                    'open',         NOW() - INTERVAL '1 day')
ON CONFLICT DO NOTHING;

UPDATE content_reports
SET reviewed_by = '00000000-0000-0000-0000-000000000005', reviewed_at = NOW() - INTERVAL '5 days'
WHERE id IN ('de000000-0000-0000-0000-000000000004','de000000-0000-0000-0000-000000000005');

-- ── 6. CONTENT ARTICLES ──────────────────────────────────────
-- Schema: id, title, body, category, module, author_id, is_published,
--   language, read_time_minutes, published_at, created_at, updated_at
-- Note: no 'deleted_at' in content_articles
INSERT INTO content_articles (id, title, body, module, language, is_published, author_id, created_at)
VALUES
  ('a0000000-0000-0000-0000-000000000001', 'كيف تتصرفين في حالة الطوارئ',
   'في حالة الطوارئ، ابقي هادئة. اتصلي بخط الطوارئ 112 أو 911. أخبري شخصاً موثوقاً بمكانك.',
   'safety', 'ar', TRUE, '00000000-0000-0000-0000-000000000003', NOW() - INTERVAL '60 days'),
  ('a0000000-0000-0000-0000-000000000002', 'خطة السلامة الشخصية',
   'ضعي خطة سلامة مسبقاً: أخبري شخصاً موثوقاً بجدولك اليومي. حددي مواقع التجمع الآمنة.',
   'safety', 'ar', TRUE, '00000000-0000-0000-0000-000000000003', NOW() - INTERVAL '55 days'),
  ('a0000000-0000-0000-0000-000000000003', 'السلامة في الفضاء الإلكتروني',
   'لا تشاركي معلوماتك الشخصية مع الغرباء. استخدمي كلمات مرور قوية.',
   'safety', 'en', FALSE, '00000000-0000-0000-0000-000000000004', NOW() - INTERVAL '20 days'),
  ('a0000000-0000-0000-0000-000000000004', 'كيف تتعاملين مع القلق والتوتر',
   'التنفس العميق يساعد على تهدئة الجهاز العصبي. حاولي التأمل لمدة 10 دقائق يومياً.',
   'mental_health', 'ar', TRUE, '00000000-0000-0000-0000-000000000004', NOW() - INTERVAL '50 days'),
  ('a0000000-0000-0000-0000-000000000005', 'الاعتناء بصحتك النفسية كل يوم',
   'خصصي وقتاً يومياً لنفسك. مارسي الرياضة بانتظام. نامي ساعات كافية.',
   'mental_health', 'ar', TRUE, '00000000-0000-0000-0000-000000000004', NOW() - INTERVAL '45 days'),
  ('a0000000-0000-0000-0000-000000000006', 'حقوقك القانونية كامرأة في لبنان',
   'القانون اللبناني يكفل حقوقك. يحق لكِ تقديم شكوى ضد أي تحرش أو عنف.',
   'legal', 'ar', TRUE, '00000000-0000-0000-0000-000000000003', NOW() - INTERVAL '40 days'),
  ('a0000000-0000-0000-0000-000000000007', 'كيف تقدمين بلاغاً للشرطة',
   'اذهبي إلى أقرب مركز شرطة. اطلبي تسجيل بلاغ رسمي. احتفظي بنسخة من البلاغ.',
   'legal', 'ar', TRUE, '00000000-0000-0000-0000-000000000003', NOW() - INTERVAL '35 days'),
  ('a0000000-0000-0000-0000-000000000008', 'أساسيات الصحة الجسدية للمرأة',
   'الفحوصات الدورية ضرورية. مارسي الرياضة 30 دقيقة يومياً. اشربي الماء بكمية كافية.',
   'wellness', 'ar', TRUE, '00000000-0000-0000-0000-000000000004', NOW() - INTERVAL '30 days'),
  ('a0000000-0000-0000-0000-000000000009', 'مبادئ الدفاع عن النفس للمبتدئات',
   'الوعي بمحيطك هو أول خط دفاع. تعلمي تقنيات بسيطة للتحرر من القبضة.',
   'self_defence', 'ar', TRUE, '00000000-0000-0000-0000-000000000003', NOW() - INTERVAL '25 days'),
  ('a0000000-0000-0000-0000-000000000010', 'السلامة في وسائل النقل العام',
   'اجلسي قرب السائق أو في مقاعد مرئية. شاركي موقعك مع شخص موثوق.',
   'safety', 'ar', TRUE, '00000000-0000-0000-0000-000000000003', NOW() - INTERVAL '15 days'),
  ('a0000000-0000-0000-0000-000000000011', 'دليل الصحة النفسية للمراهقات',
   'مرحلة المراهقة مليئة بالتغييرات. من الطبيعي الشعور بالتوتر.',
   'mental_health', 'ar', FALSE, '00000000-0000-0000-0000-000000000004', NOW() - INTERVAL '10 days'),
  ('a0000000-0000-0000-0000-000000000012', 'Your Legal Rights as a Woman',
   'Know your rights. You have the right to refuse unwanted contact. Document any harassment.',
   'legal', 'en', TRUE, '00000000-0000-0000-0000-000000000003', NOW() - INTERVAL '5 days')
ON CONFLICT DO NOTHING;

-- ── 7. SAFETY QUIZZES ────────────────────────────────────────
-- Schema: id, title, description, module, difficulty, created_at
-- Note: no 'language', no 'is_active'
INSERT INTO safety_quizzes (id, title, module, difficulty)
VALUES
  ('fe000000-0000-0000-0000-000000000001', 'اختبار السلامة الشخصية — المستوى الأول', 'safety',      'beginner'),
  ('fe000000-0000-0000-0000-000000000002', 'اختبار الدفاع عن النفس — الأساسيات',    'self_defence', 'beginner'),
  ('fe000000-0000-0000-0000-000000000003', 'اختبار الصحة النفسية',                   'wellness',     'intermediate')
ON CONFLICT DO NOTHING;

-- Note: order_index not sort_order
INSERT INTO quiz_questions (quiz_id, question_text, options, correct_option_index, explanation, order_index)
VALUES
  ('fe000000-0000-0000-0000-000000000001',
   'ما هو أول شيء تفعلينه في حالة الطوارئ؟',
   '["الاتصال بالطوارئ 112","الهروب فوراً","إخبار صديقة","إرسال موقعك"]',
   0, 'الاتصال بالطوارئ هو دائماً الخطوة الأولى والأهم', 1),
  ('fe000000-0000-0000-0000-000000000001',
   'كيف تحافظين على سلامتك أثناء السير ليلاً؟',
   '["السير في مناطق مضاءة ومزدحمة","السير بمفردك في مناطق هادئة","ارتداء سماعات الأذن","تجاهل محيطك"]',
   0, 'السير في مناطق مضاءة ومزدحمة يقلل المخاطر بشكل كبير', 2),
  ('fe000000-0000-0000-0000-000000000001',
   'ما هي كلمة الأمان في تطبيق نجوم؟',
   '["كلمة سرية تُرسل رسالة SOS تلقائياً","كلمة مرور التطبيق","رمز الدخول للمجموعات","اسم المستخدم"]',
   0, 'الكلمة الآمنة هي كلمة تختارينها سراً وعند نطقها يُرسل SOS تلقائياً', 3),
  ('fe000000-0000-0000-0000-000000000002',
   'ما هو أفضل أسلوب للتحرر من قبضة شخص على معصمك؟',
   '["الدوران نحو إبهام القابض والشد","الشد للخلف بقوة","الصراخ فقط","الانتظار"]',
   0, 'الدوران نحو نقطة الضعف في القبضة — الإبهام — هو الأكثر فعالية', 1),
  ('fe000000-0000-0000-0000-000000000002',
   'أي جزء من الجسم هو الأكثر فعالية في الدفاع عن النفس؟',
   '["الكوع والركبة","اليد المفتوحة","الأصابع","الكتف"]',
   0, 'الكوع والركبة من أقوى أجزاء الجسم', 2),
  ('fe000000-0000-0000-0000-000000000003',
   'ما من أعراض القلق الشائعة؟',
   '["التعرق وتسارع ضربات القلب","الشعور بالجوع دائماً","كثرة النوم","ارتفاع الطاقة"]',
   0, 'التعرق وتسارع ضربات القلب من الأعراض الجسدية الشائعة للقلق', 1),
  ('fe000000-0000-0000-0000-000000000003',
   'ما هي أفضل تقنية للتهدئة السريعة عند الشعور بالذعر؟',
   '["التنفس العميق 4-7-8","شرب القهوة","مشاهدة التلفاز","التفكير في المشكلة"]',
   0, 'تقنية التنفس 4-7-8: استنشقي 4 ثوان، احبسي 7 ثوان، أخرجي 8 ثوان', 2)
ON CONFLICT DO NOTHING;

-- ── 8. SOS EVENTS ────────────────────────────────────────────
-- Schema: lat, lng (not latitude/longitude), no 'address' column
INSERT INTO sos_events (id, user_id, trigger_method, lat, lng, cancelled, cancelled_at, resolved_at, created_at)
VALUES
  -- Active
  ('e0000000-0000-0000-0000-000000000001', '00000000-0000-0000-0000-000000000009', 'button',    33.8886, 35.4955, FALSE, NULL, NULL, NOW() - INTERVAL '1 hour'),
  ('e0000000-0000-0000-0000-000000000002', '00000000-0000-0000-0000-000000000010', 'shake',     24.7136, 46.6753, FALSE, NULL, NULL, NOW() - INTERVAL '3 hours'),
  ('e0000000-0000-0000-0000-000000000003', '00000000-0000-0000-0000-000000000012', 'safe_word', 25.2048, 55.2708, FALSE, NULL, NULL, NOW() - INTERVAL '5 hours'),
  -- Resolved
  ('e0000000-0000-0000-0000-000000000004', '00000000-0000-0000-0000-000000000011', 'button',    33.8947, 35.5011, FALSE, NULL, NOW() - INTERVAL '2 days',     NOW() - INTERVAL '2 days 2 hours'),
  ('e0000000-0000-0000-0000-000000000005', '00000000-0000-0000-0000-000000000009', 'volume',    33.8734, 35.5180, FALSE, NULL, NOW() - INTERVAL '5 days',     NOW() - INTERVAL '5 days 1 hour'),
  ('e0000000-0000-0000-0000-000000000006', '00000000-0000-0000-0000-000000000013', 'button',    33.8869, 35.5131, FALSE, NULL, NOW() - INTERVAL '7 days',     NOW() - INTERVAL '7 days 30 minutes'),
  ('e0000000-0000-0000-0000-000000000007', '00000000-0000-0000-0000-000000000010', 'shake',     24.6862, 46.7224, FALSE, NULL, NOW() - INTERVAL '10 days',    NOW() - INTERVAL '10 days 45 minutes'),
  -- Cancelled
  ('e0000000-0000-0000-0000-000000000008', '00000000-0000-0000-0000-000000000011', 'button',    33.8905, 35.5012, TRUE,  NOW() - INTERVAL '8 days',   NULL, NOW() - INTERVAL '8 days'),
  ('e0000000-0000-0000-0000-000000000009', '00000000-0000-0000-0000-000000000012', 'volume',    25.2085, 55.2562, TRUE,  NOW() - INTERVAL '12 days',  NULL, NOW() - INTERVAL '12 days'),
  ('e0000000-0000-0000-0000-000000000010', '00000000-0000-0000-0000-000000000009', 'shake',     33.8886, 35.5019, TRUE,  NOW() - INTERVAL '15 days',  NULL, NOW() - INTERVAL '15 days'),
  ('e0000000-0000-0000-0000-000000000011', '00000000-0000-0000-0000-000000000013', 'button',    33.8734, 35.5180, FALSE, NULL, NOW() - INTERVAL '20 days',    NOW() - INTERVAL '20 days 20 minutes'),
  ('e0000000-0000-0000-0000-000000000012', '00000000-0000-0000-0000-000000000011', 'safe_word', 33.8905, 35.5012, FALSE, NULL, NOW() - INTERVAL '25 days',    NOW() - INTERVAL '25 days 15 minutes')
ON CONFLICT DO NOTHING;

-- ── 9. MOOD LOGS (30 days for 5 users) ───────────────────────
-- Schema: user_id, log_date (date), score, note, emoji
-- Note: column is 'log_date' not 'logged_at'. date - integer = date in PostgreSQL.
DELETE FROM mood_logs WHERE user_id IN (
  '00000000-0000-0000-0000-000000000009',
  '00000000-0000-0000-0000-000000000010',
  '00000000-0000-0000-0000-000000000011',
  '00000000-0000-0000-0000-000000000012',
  '00000000-0000-0000-0000-000000000013'
);

INSERT INTO mood_logs (user_id, score, emoji, log_date)
SELECT
  u.id,
  CASE WHEN random() > 0.6 THEN 4
       WHEN random() > 0.3 THEN 3
       ELSE 2 END,
  CASE WHEN random() > 0.7 THEN '😊'
       WHEN random() > 0.4 THEN '😐'
       ELSE '😔' END,
  CURRENT_DATE - s.days
FROM (VALUES
  ('00000000-0000-0000-0000-000000000009'::uuid),
  ('00000000-0000-0000-0000-000000000010'::uuid),
  ('00000000-0000-0000-0000-000000000011'::uuid),
  ('00000000-0000-0000-0000-000000000012'::uuid),
  ('00000000-0000-0000-0000-000000000013'::uuid)
) AS u(id)
CROSS JOIN generate_series(0, 29) AS s(days);

-- ── 10. BADGES ───────────────────────────────────────────────
INSERT INTO badges (id, name, description, module, category)
VALUES
  ('b0000000-0000-0000-0000-000000000001', 'مستكشفة الأمان',          'أكملت وحدة السلامة الشخصية الأساسية',          'safety',       'personal_safety'),
  ('b0000000-0000-0000-0000-000000000002', 'حارسة المجتمع',           'شاركت في 10 مشاركات مجتمعية مفيدة',             'community',    'participation'),
  ('b0000000-0000-0000-0000-000000000003', 'محاربة الدفاع عن النفس',  'أتقنت تقنيات الدفاع عن النفس المستوى الأول',    'self_defence', 'level_1'),
  ('b0000000-0000-0000-0000-000000000004', 'فتاة كشافة',              'انضمت إلى فوج الكشافة وأكملت أول نشاط',         'scouts',       'recruitment'),
  ('b0000000-0000-0000-0000-000000000005', 'نجمة الصحة',              'تابعت دورة كاملة لتتبع الصحة الشهرية',          'wellness',     'cycle_tracking'),
  ('b0000000-0000-0000-0000-000000000006', 'المشجعة',                  'دعمت زميلاتها في 5 مواقف مختلفة',               'community',    'support'),
  ('b0000000-0000-0000-0000-000000000007', 'خبيرة القانون',            'أكملت وحدة الحقوق القانونية',                   'safety',       'legal_awareness'),
  ('b0000000-0000-0000-0000-000000000008', 'رائدة الكشافة',            'قادت فريقاً وأكملت 5 أنشطة كشفية',              'scouts',       'leadership')
ON CONFLICT (name) DO NOTHING;

-- ── 11. SCOUTS TROOPS ────────────────────────────────────────
-- Schema: id, name, age_tier, leader_id, country, region, is_active, created_at
-- Note: 'country' not 'country_code'
INSERT INTO scouts_troops (id, name, region, country, age_tier, leader_id)
VALUES
  ('ab000000-0000-0000-0000-000000000001', 'فوج نجوم بيروت',      'بيروت',      'LB', 'guide_9_12',   '00000000-0000-0000-0000-000000000006'),
  ('ab000000-0000-0000-0000-000000000002', 'فوج نجوم جبل لبنان',  'جبل لبنان',  'LB', 'senior_13_17', '00000000-0000-0000-0000-000000000007')
ON CONFLICT DO NOTHING;

INSERT INTO troop_members (troop_id, user_id, status, joined_at)
VALUES
  ('ab000000-0000-0000-0000-000000000001', '00000000-0000-0000-0000-000000000009', 'active', NOW() - INTERVAL '40 days'),
  ('ab000000-0000-0000-0000-000000000001', '00000000-0000-0000-0000-000000000013', 'active', NOW() - INTERVAL '20 days'),
  ('ab000000-0000-0000-0000-000000000002', '00000000-0000-0000-0000-000000000011', 'active', NOW() - INTERVAL '30 days'),
  ('ab000000-0000-0000-0000-000000000002', '00000000-0000-0000-0000-000000000012', 'active', NOW() - INTERVAL '25 days')
ON CONFLICT DO NOTHING;

-- ── 12. ACTIVITIES ───────────────────────────────────────────
-- Schema: id, title, description, instructions, materials_list, age_tier,
--   category, is_offline_capable, badge_id, created_at, updated_at
-- Note: no 'module', no 'difficulty', no 'estimated_minutes'
INSERT INTO activities (id, title, description, age_tier, category, badge_id, is_offline_capable)
VALUES
  ('ac000000-0000-0000-0000-000000000001', 'خريطة أماني',        'ارسمي خريطة لمنطقتك وحددي الأماكن الآمنة',          'all',          'safety',       'b0000000-0000-0000-0000-000000000001', TRUE),
  ('ac000000-0000-0000-0000-000000000002', 'صديقتي المحقق',      'تعلمي كيف تلاحظين تفاصيل محيطك بعناية',             'all',          'safety',       'b0000000-0000-0000-0000-000000000001', TRUE),
  ('ac000000-0000-0000-0000-000000000003', 'دفاعي الأول',        'تمرين على أساسيات الدفاع عن النفس مع شريكة',        'senior_13_17', 'self_defence', 'b0000000-0000-0000-0000-000000000003', FALSE),
  ('ac000000-0000-0000-0000-000000000004', 'يومي المبهج',        'سجلي ثلاثة أشياء ممتنة لها يومياً لأسبوع',          'all',          'wellness',     'b0000000-0000-0000-0000-000000000005', TRUE),
  ('ac000000-0000-0000-0000-000000000005', 'المساعدة المجتمعية', 'نظمي نشاطاً مجتمعياً أو تطوعي في مبادرة محلية',     'senior_13_17', 'community',    'b0000000-0000-0000-0000-000000000002', FALSE),
  ('ac000000-0000-0000-0000-000000000006', 'كشافة الطبيعة',      'نزهة في الطبيعة مع تحديد النباتات والطرق',           'guide_9_12',   'scouts',       'b0000000-0000-0000-0000-000000000004', FALSE),
  ('ac000000-0000-0000-0000-000000000007', 'الإسعافات الأولية',  'تعلمي أساسيات الإسعافات الأولية والإنعاش القلبي',   'senior_13_17', 'first_aid',    'b0000000-0000-0000-0000-000000000007', FALSE),
  ('ac000000-0000-0000-0000-000000000008', 'حقوقي أعرفها',       'اقرئي دليل الحقوق القانونية وأجيبي على الأسئلة',    'all',          'legal',        'b0000000-0000-0000-0000-000000000007', TRUE)
ON CONFLICT DO NOTHING;

-- ── 13. ACTIVITY COMPLETIONS ─────────────────────────────────
INSERT INTO activity_completions (activity_id, user_id, verified_by, verified_at)
VALUES
  ('ac000000-0000-0000-0000-000000000001', '00000000-0000-0000-0000-000000000009', '00000000-0000-0000-0000-000000000006', NOW() - INTERVAL '35 days'),
  ('ac000000-0000-0000-0000-000000000002', '00000000-0000-0000-0000-000000000009', '00000000-0000-0000-0000-000000000006', NOW() - INTERVAL '30 days'),
  ('ac000000-0000-0000-0000-000000000004', '00000000-0000-0000-0000-000000000011', '00000000-0000-0000-0000-000000000007', NOW() - INTERVAL '25 days'),
  ('ac000000-0000-0000-0000-000000000006', '00000000-0000-0000-0000-000000000013', '00000000-0000-0000-0000-000000000006', NOW() - INTERVAL '18 days'),
  ('ac000000-0000-0000-0000-000000000001', '00000000-0000-0000-0000-000000000012', '00000000-0000-0000-0000-000000000007', NOW() - INTERVAL '15 days'),
  ('ac000000-0000-0000-0000-000000000008', '00000000-0000-0000-0000-000000000011', '00000000-0000-0000-0000-000000000006', NOW() - INTERVAL '10 days')
ON CONFLICT DO NOTHING;

-- ── 14. USER BADGES ──────────────────────────────────────────
INSERT INTO user_badges (user_id, badge_id, awarded_by)
VALUES
  ('00000000-0000-0000-0000-000000000009', 'b0000000-0000-0000-0000-000000000001', '00000000-0000-0000-0000-000000000006'),
  ('00000000-0000-0000-0000-000000000009', 'b0000000-0000-0000-0000-000000000004', '00000000-0000-0000-0000-000000000006'),
  ('00000000-0000-0000-0000-000000000011', 'b0000000-0000-0000-0000-000000000005', '00000000-0000-0000-0000-000000000007'),
  ('00000000-0000-0000-0000-000000000012', 'b0000000-0000-0000-0000-000000000001', '00000000-0000-0000-0000-000000000007'),
  ('00000000-0000-0000-0000-000000000013', 'b0000000-0000-0000-0000-000000000004', '00000000-0000-0000-0000-000000000006')
ON CONFLICT DO NOTHING;

-- ── 15. LEGAL GUIDES ─────────────────────────────────────────
-- Schema: country (not country_code)
INSERT INTO legal_guides (title, body, category, country, language, version, is_published, author_id)
VALUES
  ('كيف تُقدمين بلاغاً عن تحرش',
   'الخطوات القانونية لتقديم بلاغ: توجهي لمركز الشرطة المختص. اطلبي محضر رسمي.',
   'police_report', 'LB', 'ar', 1, TRUE, '00000000-0000-0000-0000-000000000003'),
  ('حقوقك في مواجهة التحرش الإلكتروني',
   'التحرش الإلكتروني جريمة يعاقب عليها القانون. وثقي الرسائل والمنشورات.',
   'online_harassment', 'LB', 'ar', 1, TRUE, '00000000-0000-0000-0000-000000000003'),
  ('دليل حقوق المرأة العاملة',
   'لكِ الحق في بيئة عمل آمنة. التحرش في العمل ممنوع قانوناً.',
   'rights', 'LB', 'ar', 1, TRUE, '00000000-0000-0000-0000-000000000004')
ON CONFLICT DO NOTHING;

-- ── 16. LEGAL AID ORGS ───────────────────────────────────────
-- Schema: name, country, region, phone, email, website_url, is_verified, is_active
-- Note: no 'description', no 'city', no 'is_free' — use 'region' for city
INSERT INTO legal_aid_orgs (name, website_url, phone, country, region, is_verified, is_active)
VALUES
  ('كفى — عنف واستغلال',    'https://kafa.org.lb',    '+961 3 015 320', 'LB', 'بيروت', TRUE, TRUE),
  ('منظمة أبعاد',            'https://abaadmena.org',  '+961 1 751 092', 'LB', 'بيروت', TRUE, TRUE),
  ('جمعية المحامين الشباب',  NULL,                     '+961 1 980 520', 'LB', 'بيروت', TRUE, TRUE)
ON CONFLICT DO NOTHING;

-- ── 17. AUDIT LOGS ───────────────────────────────────────────
-- Schema: user_id (not actor_id)
INSERT INTO audit_logs (user_id, action, target_type, target_id, metadata, created_at)
VALUES
  ('00000000-0000-0000-0000-000000000001', 'user.role_changed',  'user',           '00000000-0000-0000-0000-000000000005', '{"new_role":"community_moderator"}',    NOW() - INTERVAL '70 days'),
  ('00000000-0000-0000-0000-000000000001', 'hotline.created',    'hotline',        'aa000000-0000-0000-0000-000000000001', '{}',                                    NOW() - INTERVAL '60 days'),
  ('00000000-0000-0000-0000-000000000002', 'hotline.updated',    'hotline',        'aa000000-0000-0000-0000-000000000003', '{"is_active":true}',                    NOW() - INTERVAL '55 days'),
  ('00000000-0000-0000-0000-000000000001', 'user.banned',        'user',           '00000000-0000-0000-0000-000000000015', '{"reason":"انتهاك شروط الاستخدام"}',   NOW() - INTERVAL '5 days'),
  ('00000000-0000-0000-0000-000000000005', 'report.resolved',    'content_report', 'de000000-0000-0000-0000-000000000004', '{}',                                    NOW() - INTERVAL '5 days'),
  ('00000000-0000-0000-0000-000000000005', 'report.resolved',    'content_report', 'de000000-0000-0000-0000-000000000005', '{}',                                    NOW() - INTERVAL '4 days'),
  ('00000000-0000-0000-0000-000000000003', 'content.published',  'article',        'a0000000-0000-0000-0000-000000000001', '{}',                                    NOW() - INTERVAL '60 days'),
  ('00000000-0000-0000-0000-000000000004', 'content.published',  'article',        'a0000000-0000-0000-0000-000000000004', '{}',                                    NOW() - INTERVAL '50 days')
ON CONFLICT DO NOTHING;
