-- ============================================================
-- Njoum — Comprehensive Dev Seed Data (June 2026)
-- Run in Supabase SQL Editor (service role, bypasses RLS)
-- ONE super_admin only: hadimoustafa2024@gmail.com
-- ============================================================

-- ── 1. USERS ────────────────────────────────────────────────
INSERT INTO users (id, email, full_name, role, country, locale, age_range, is_verified, is_active, created_at)
VALUES
  ('00000000-0000-0000-0000-000000000001', 'hadimoustafa2024@gmail.com', 'هادي مصطفى',       'super_admin',         'LB', 'ar', '25+',   TRUE,  TRUE,  NOW() - INTERVAL '90 days'),
  ('00000000-0000-0000-0000-000000000002', 'admin2@njoum.app',           'سلمى الراشد',       'content_admin',       'LB', 'ar', '25+',   TRUE,  TRUE,  NOW() - INTERVAL '85 days'),
  ('00000000-0000-0000-0000-000000000003', 'dana.admin@njoum.app',       'دانا طاهر',         'content_admin',       'LB', 'ar', '25+',   TRUE,  TRUE,  NOW() - INTERVAL '80 days'),
  ('00000000-0000-0000-0000-000000000004', 'rima.content@njoum.app',     'ريما حداد',         'content_admin',       'LB', 'ar', '25+',   TRUE,  TRUE,  NOW() - INTERVAL '75 days'),
  ('00000000-0000-0000-0000-000000000005', 'hiba.mod@njoum.app',         'هبة الخوري',        'community_moderator', 'LB', 'ar', '25+',   TRUE,  TRUE,  NOW() - INTERVAL '70 days'),
  ('00000000-0000-0000-0000-000000000006', 'sara.mentor@njoum.app',      'سارة خليل',         'mentor',              'LB', 'ar', '25+',   TRUE,  TRUE,  NOW() - INTERVAL '60 days'),
  ('00000000-0000-0000-0000-000000000007', 'nadia.mentor@njoum.app',     'نادية يوسف',        'mentor',              'SA', 'ar', '25+',   TRUE,  TRUE,  NOW() - INTERVAL '55 days'),
  ('00000000-0000-0000-0000-000000000008', 'jana.mentor@njoum.app',      'جنى سلامة',         'mentor',              'LB', 'ar', '18-24', TRUE,  TRUE,  NOW() - INTERVAL '50 days'),
  ('00000000-0000-0000-0000-000000000009', 'layla@test.com',             'ليلى حسن',          'girl',                'LB', 'ar', '13-17', TRUE,  TRUE,  NOW() - INTERVAL '45 days'),
  ('00000000-0000-0000-0000-000000000010', 'reem@test.com',              'ريم محمد',          'girl',                'SA', 'ar', '13-17', TRUE,  TRUE,  NOW() - INTERVAL '40 days'),
  ('00000000-0000-0000-0000-000000000011', 'nour@test.com',              'نور عبدالله',       'girl',                'LB', 'ar', '18-24', TRUE,  TRUE,  NOW() - INTERVAL '35 days'),
  ('00000000-0000-0000-0000-000000000012', 'fatima@test.com',            'فاطمة أحمد',        'girl',                'AE', 'ar', '18-24', TRUE,  TRUE,  NOW() - INTERVAL '30 days'),
  ('00000000-0000-0000-0000-000000000013', 'zainab@test.com',            'زينب كريم',         'girl',                'LB', 'ar', '10-12', TRUE,  TRUE,  NOW() - INTERVAL '25 days'),
  ('00000000-0000-0000-0000-000000000014', 'mariam.parent@test.com',     'مريم ناصر',         'parent',              'LB', 'ar', '25+',   TRUE,  TRUE,  NOW() - INTERVAL '20 days'),
  ('00000000-0000-0000-0000-000000000015', 'lara.banned@test.com',       'لارا جريصاتي',      'girl',                'LB', 'ar', '18-24', FALSE, TRUE,  NOW() - INTERVAL '15 days')
ON CONFLICT (email) DO UPDATE SET
  role = EXCLUDED.role,
  full_name = EXCLUDED.full_name;

-- Ensure only user 1 is super_admin (fix any existing data)
UPDATE users SET role = 'content_admin'
WHERE email = 'admin2@njoum.app' AND role = 'super_admin';

-- Ban user 15 (soft-delete = banned)
UPDATE users SET deleted_at = NOW() - INTERVAL '5 days'
WHERE id = '00000000-0000-0000-0000-000000000015' AND deleted_at IS NULL;

-- ── 2. EMERGENCY CONTACTS ────────────────────────────────────
INSERT INTO emergency_contacts (user_id, name, phone, relationship, notify_order, notify_on_sos)
VALUES
  ('00000000-0000-0000-0000-000000000009', 'أم ليلى',     '+961 70 111 001', 'parent',  1, TRUE),
  ('00000000-0000-0000-0000-000000000009', 'أخت ليلى',    '+961 70 111 002', 'sibling', 2, TRUE),
  ('00000000-0000-0000-0000-000000000009', 'صديقة ليلى',  '+961 70 111 003', 'friend',  3, FALSE),
  ('00000000-0000-0000-0000-000000000010', 'أم ريم',      '+966 55 222 001', 'parent',  1, TRUE),
  ('00000000-0000-0000-0000-000000000010', 'أب ريم',      '+966 55 222 002', 'parent',  2, TRUE),
  ('00000000-0000-0000-0000-000000000011', 'والدة نور',   '+961 71 333 001', 'parent',  1, TRUE),
  ('00000000-0000-0000-0000-000000000011', 'صديقة نور',   '+961 71 333 002', 'friend',  2, TRUE),
  ('00000000-0000-0000-0000-000000000012', 'والد فاطمة',  '+971 50 444 001', 'parent',  1, TRUE),
  ('00000000-0000-0000-0000-000000000013', 'والدة زينب',  '+961 78 555 001', 'parent',  1, TRUE),
  ('00000000-0000-0000-0000-000000000013', 'والد زينب',   '+961 78 555 002', 'parent',  2, TRUE)
ON CONFLICT DO NOTHING;

-- ── 3. HOTLINES ─────────────────────────────────────────────
INSERT INTO hotlines (id, country, name, phone, category, is_verified, is_active, verified_by, last_checked_at)
VALUES
  -- Lebanon
  ('aa000000-0000-0000-0000-000000000001', 'LB', 'الشرطة اللبنانية',           '112',             'police',           TRUE,  TRUE,  '00000000-0000-0000-0000-000000000001', NOW() - INTERVAL '7 days'),
  ('aa000000-0000-0000-0000-000000000002', 'LB', 'الإطفاء',                     '175',             'fire',             TRUE,  TRUE,  '00000000-0000-0000-0000-000000000001', NOW() - INTERVAL '7 days'),
  ('aa000000-0000-0000-0000-000000000003', 'LB', 'خط دعم ضحايا العنف — KAFA',  '1745',            'domestic_violence', TRUE, TRUE,  '00000000-0000-0000-0000-000000000002', NOW() - INTERVAL '3 days'),
  ('aa000000-0000-0000-0000-000000000004', 'LB', 'الدعم النفسي — إيمباكت',     '+961 76 920 920', 'mental_health',    TRUE,  TRUE,  '00000000-0000-0000-0000-000000000002', NOW() - INTERVAL '14 days'),
  ('aa000000-0000-0000-0000-000000000005', 'LB', 'حماية الطفل',                 '1554',            'child_protection', TRUE,  TRUE,  '00000000-0000-0000-0000-000000000001', NOW() - INTERVAL '5 days'),
  ('aa000000-0000-0000-0000-000000000006', 'LB', 'المساعدة القانونية — LTA',    '+961 1 980 520',  'legal_aid',        TRUE,  TRUE,  '00000000-0000-0000-0000-000000000003', NOW() - INTERVAL '10 days'),
  ('aa000000-0000-0000-0000-000000000007', 'LB', 'خط الإدمان',                  '1293',            'addiction',        TRUE,  TRUE,  '00000000-0000-0000-0000-000000000002', NOW() - INTERVAL '20 days'),
  ('aa000000-0000-0000-0000-000000000008', 'LB', 'اضطرابات الأكل — Embrace',   '+961 1 971 171',  'eating_disorder',  FALSE, FALSE, '00000000-0000-0000-0000-000000000003', NOW() - INTERVAL '60 days'),
  -- Saudi Arabia
  ('aa000000-0000-0000-0000-000000000009', 'SA', 'الإسعاف',                     '911',             'police',           TRUE,  TRUE,  '00000000-0000-0000-0000-000000000001', NOW() - INTERVAL '15 days'),
  ('aa000000-0000-0000-0000-000000000010', 'SA', 'هيئة حقوق الإنسان',           '1900',            'legal_aid',        TRUE,  TRUE,  '00000000-0000-0000-0000-000000000001', NOW() - INTERVAL '15 days'),
  ('aa000000-0000-0000-0000-000000000011', 'SA', 'خط الدعم النفسي',             '920033360',       'mental_health',    TRUE,  TRUE,  '00000000-0000-0000-0000-000000000002', NOW() - INTERVAL '20 days'),
  ('aa000000-0000-0000-0000-000000000012', 'SA', 'حماية الطفل',                 '1919',            'child_protection', TRUE,  TRUE,  '00000000-0000-0000-0000-000000000002', NOW() - INTERVAL '12 days'),
  ('aa000000-0000-0000-0000-000000000013', 'SA', 'خط العنف الأسري',             '1919',            'domestic_violence',TRUE,  TRUE,  '00000000-0000-0000-0000-000000000002', NOW() - INTERVAL '12 days'),
  -- UAE
  ('aa000000-0000-0000-0000-000000000014', 'AE', 'الطوارئ',                     '999',             'police',           TRUE,  TRUE,  '00000000-0000-0000-0000-000000000001', NOW() - INTERVAL '10 days'),
  ('aa000000-0000-0000-0000-000000000015', 'AE', 'خط دعم المرأة',               '800966363',       'domestic_violence',TRUE,  TRUE,  '00000000-0000-0000-0000-000000000001', NOW() - INTERVAL '10 days'),
  ('aa000000-0000-0000-0000-000000000016', 'AE', 'الصحة النفسية',               '800HOPE',         'mental_health',    TRUE,  TRUE,  '00000000-0000-0000-0000-000000000003', NOW() - INTERVAL '18 days'),
  ('aa000000-0000-0000-0000-000000000017', 'AE', 'حماية الطفل',                 '800988',          'child_protection', TRUE,  TRUE,  '00000000-0000-0000-0000-000000000003', NOW() - INTERVAL '18 days'),
  -- Egypt
  ('aa000000-0000-0000-0000-000000000018', 'EG', 'الشرطة',                      '122',             'police',           TRUE,  TRUE,  '00000000-0000-0000-0000-000000000001', NOW() - INTERVAL '30 days'),
  ('aa000000-0000-0000-0000-000000000019', 'EG', 'الطوارئ الاجتماعية',          '16000',           'domestic_violence',TRUE,  TRUE,  '00000000-0000-0000-0000-000000000001', NOW() - INTERVAL '30 days'),
  ('aa000000-0000-0000-0000-000000000020', 'EG', 'الصحة النفسية',               '08008880700',     'mental_health',    TRUE,  TRUE,  '00000000-0000-0000-0000-000000000003', NOW() - INTERVAL '25 days'),
  -- Jordan
  ('aa000000-0000-0000-0000-000000000021', 'JO', 'الشرطة',                      '911',             'police',           TRUE,  TRUE,  '00000000-0000-0000-0000-000000000001', NOW() - INTERVAL '20 days'),
  ('aa000000-0000-0000-0000-000000000022', 'JO', 'دعم الأسرة',                  '110',             'domestic_violence',TRUE,  TRUE,  '00000000-0000-0000-0000-000000000002', NOW() - INTERVAL '20 days'),
  ('aa000000-0000-0000-0000-000000000023', 'JO', 'الصحة النفسية',               '+962 6 5607 900', 'mental_health',    FALSE, TRUE,  '00000000-0000-0000-0000-000000000003', NOW() - INTERVAL '45 days')
ON CONFLICT DO NOTHING;

-- ── 4. COMMUNITY GROUPS ──────────────────────────────────────
INSERT INTO community_groups (id, name, description, category, is_private, creator_id)
VALUES
  ('cb000000-0000-0000-0000-000000000001', 'طالبات الجامعة',     'مساحة للطالبات الجامعيات لتبادل الخبرات والدعم',    'students',     FALSE, '00000000-0000-0000-0000-000000000001'),
  ('cb000000-0000-0000-0000-000000000002', 'دعم الناجيات',       'مجموعة دعم آمنة وسرية للناجيات — خاصة',            'survivors',    TRUE,  '00000000-0000-0000-0000-000000000002'),
  ('cb000000-0000-0000-0000-000000000003', 'الصحة النفسية',      'نقاشات وموارد للصحة النفسية — خاصة',               'mental_health',TRUE,  '00000000-0000-0000-0000-000000000005'),
  ('cb000000-0000-0000-0000-000000000004', 'نجوم العامة',        'المجتمع العام لمستخدمات نجوم',                      'general',      FALSE, '00000000-0000-0000-0000-000000000001'),
  ('cb000000-0000-0000-0000-000000000005', 'مسار المهنة',        'فرص عمل ونصائح مهنية للمرأة',                      'career',       FALSE, '00000000-0000-0000-0000-000000000003'),
  ('cb000000-0000-0000-0000-000000000006', 'ناشطات المجتمع',     'مجموعة للناشطات في العمل التطوعي والمجتمعي',        'custom',       FALSE, '00000000-0000-0000-0000-000000000005')
ON CONFLICT DO NOTHING;

INSERT INTO group_memberships (group_id, user_id, role)
VALUES
  ('cb000000-0000-0000-0000-000000000001', '00000000-0000-0000-0000-000000000009', 'member'),
  ('cb000000-0000-0000-0000-000000000001', '00000000-0000-0000-0000-000000000011', 'member'),
  ('cb000000-0000-0000-0000-000000000001', '00000000-0000-0000-0000-000000000012', 'member'),
  ('cb000000-0000-0000-0000-000000000003', '00000000-0000-0000-0000-000000000009', 'member'),
  ('cb000000-0000-0000-0000-000000000003', '00000000-0000-0000-0000-000000000011', 'member'),
  ('cb000000-0000-0000-0000-000000000004', '00000000-0000-0000-0000-000000000009', 'member'),
  ('cb000000-0000-0000-0000-000000000004', '00000000-0000-0000-0000-000000000010', 'member'),
  ('cb000000-0000-0000-0000-000000000004', '00000000-0000-0000-0000-000000000011', 'member'),
  ('cb000000-0000-0000-0000-000000000004', '00000000-0000-0000-0000-000000000012', 'member'),
  ('cb000000-0000-0000-0000-000000000004', '00000000-0000-0000-0000-000000000013', 'member'),
  ('cb000000-0000-0000-0000-000000000005', '00000000-0000-0000-0000-000000000011', 'member'),
  ('cb000000-0000-0000-0000-000000000005', '00000000-0000-0000-0000-000000000012', 'member'),
  ('cb000000-0000-0000-0000-000000000006', '00000000-0000-0000-0000-000000000010', 'member'),
  ('cb000000-0000-0000-0000-000000000006', '00000000-0000-0000-0000-000000000012', 'member')
ON CONFLICT DO NOTHING;

-- ── 5. POSTS ────────────────────────────────────────────────
INSERT INTO posts (id, group_id, author_id, content, is_anonymous, is_flagged, created_at)
VALUES
  ('cd000000-0000-0000-0000-000000000001', 'cb000000-0000-0000-0000-000000000004', '00000000-0000-0000-0000-000000000009', 'أهلاً بالجميع! سعيدة بانضمامي إلى مجتمع نجوم 🌟',            FALSE, FALSE, NOW() - INTERVAL '30 days'),
  ('cd000000-0000-0000-0000-000000000002', 'cb000000-0000-0000-0000-000000000004', '00000000-0000-0000-0000-000000000011', 'كيف تتعاملين مع الضغط النفسي في موسم الامتحانات؟',           FALSE, FALSE, NOW() - INTERVAL '28 days'),
  ('cd000000-0000-0000-0000-000000000003', 'cb000000-0000-0000-0000-000000000001', '00000000-0000-0000-0000-000000000012', 'نصائح لإدارة الوقت بين الدراسة والحياة الشخصية',            FALSE, FALSE, NOW() - INTERVAL '25 days'),
  ('cd000000-0000-0000-0000-000000000004', 'cb000000-0000-0000-0000-000000000004', '00000000-0000-0000-0000-000000000010', 'هل يوجد مجموعة لمستخدمات من السعودية؟',                     FALSE, FALSE, NOW() - INTERVAL '22 days'),
  ('cd000000-0000-0000-0000-000000000005', 'cb000000-0000-0000-0000-000000000004', '00000000-0000-0000-0000-000000000013', 'محتاجة مساعدة في موضوع يخص السلامة الشخصية',               TRUE,  FALSE, NOW() - INTERVAL '20 days'),
  ('cd000000-0000-0000-0000-000000000006', 'cb000000-0000-0000-0000-000000000005', '00000000-0000-0000-0000-000000000011', 'شاركت في مقابلة عمل اليوم — نصائح للمقابلات!',              FALSE, FALSE, NOW() - INTERVAL '18 days'),
  ('cd000000-0000-0000-0000-000000000007', 'cb000000-0000-0000-0000-000000000001', '00000000-0000-0000-0000-000000000009', 'ما هو تخصصك الجامعي؟ أنا في علم النفس 📚',                  FALSE, FALSE, NOW() - INTERVAL '15 days'),
  ('cd000000-0000-0000-0000-000000000008', 'cb000000-0000-0000-0000-000000000004', '00000000-0000-0000-0000-000000000012', 'تجربتي مع قسم الطوارئ في المستشفى — كيف تحمين نفسك',       FALSE, TRUE,  NOW() - INTERVAL '12 days'),
  ('cd000000-0000-0000-0000-000000000009', 'cb000000-0000-0000-0000-000000000004', '00000000-0000-0000-0000-000000000013', 'تجربتي مع تطبيق نجوم — رائعة جداً!',                       FALSE, FALSE, NOW() - INTERVAL '10 days'),
  ('cd000000-0000-0000-0000-000000000010', 'cb000000-0000-0000-0000-000000000004', '00000000-0000-0000-0000-000000000009', 'شاركوني تجاربكم في استخدام خط الطوارئ',                    TRUE,  FALSE, NOW() - INTERVAL '5 days'),
  ('cd000000-0000-0000-0000-000000000011', 'cb000000-0000-0000-0000-000000000006', '00000000-0000-0000-0000-000000000010', 'نظمنا يوم تطوعي في بيروت هذا الأسبوع 🤝',                  FALSE, FALSE, NOW() - INTERVAL '3 days'),
  ('cd000000-0000-0000-0000-000000000012', 'cb000000-0000-0000-0000-000000000003', '00000000-0000-0000-0000-000000000011', 'أشعر بالقلق كثيراً هذه الأيام، هل هذا طبيعي؟',             TRUE,  FALSE, NOW() - INTERVAL '2 days')
ON CONFLICT DO NOTHING;

-- ── 6. COMMENTS ─────────────────────────────────────────────
INSERT INTO comments (id, post_id, author_id, content, is_anonymous, created_at)
VALUES
  ('cc000000-0000-0000-0000-000000000001', 'cd000000-0000-0000-0000-000000000001', '00000000-0000-0000-0000-000000000010', 'أهلاً وسهلاً بكِ! نجوم مجتمع رائع 💕',             FALSE, NOW() - INTERVAL '29 days'),
  ('cc000000-0000-0000-0000-000000000002', 'cd000000-0000-0000-0000-000000000001', '00000000-0000-0000-0000-000000000011', 'مرحباً! ستحبين هذا المجتمع بالتأكيد ⭐',            FALSE, NOW() - INTERVAL '29 days'),
  ('cc000000-0000-0000-0000-000000000003', 'cd000000-0000-0000-0000-000000000002', '00000000-0000-0000-0000-000000000012', 'التنفس العميق يساعدني كثيراً!',                   FALSE, NOW() - INTERVAL '27 days'),
  ('cc000000-0000-0000-0000-000000000004', 'cd000000-0000-0000-0000-000000000002', '00000000-0000-0000-0000-000000000009', 'أنا أكتب في دفتر اليوميات — يساعد جداً',           FALSE, NOW() - INTERVAL '26 days'),
  ('cc000000-0000-0000-0000-000000000005', 'cd000000-0000-0000-0000-000000000006', '00000000-0000-0000-0000-000000000012', 'مبروك على المقابلة! أخبرينا كيف كانت',             FALSE, NOW() - INTERVAL '17 days'),
  ('cc000000-0000-0000-0000-000000000006', 'cd000000-0000-0000-0000-000000000009', '00000000-0000-0000-0000-000000000010', 'أنا أيضاً! التطبيق ساعدني كثيراً في الأزمات',      FALSE, NOW() - INTERVAL '9 days'),
  ('cc000000-0000-0000-0000-000000000007', 'cd000000-0000-0000-0000-000000000012', '00000000-0000-0000-0000-000000000009', 'نعم، القلق طبيعي جداً. تحدثي مع متخصصة', TRUE, NOW() - INTERVAL '1 day')
ON CONFLICT DO NOTHING;

-- ── 7. POST REACTIONS ────────────────────────────────────────
INSERT INTO post_reactions (post_id, user_id, reaction_type, created_at)
VALUES
  ('cd000000-0000-0000-0000-000000000001', '00000000-0000-0000-0000-000000000010', 'heart',   NOW() - INTERVAL '29 days'),
  ('cd000000-0000-0000-0000-000000000001', '00000000-0000-0000-0000-000000000011', 'star',    NOW() - INTERVAL '29 days'),
  ('cd000000-0000-0000-0000-000000000001', '00000000-0000-0000-0000-000000000012', 'hug',     NOW() - INTERVAL '28 days'),
  ('cd000000-0000-0000-0000-000000000002', '00000000-0000-0000-0000-000000000009', 'support', NOW() - INTERVAL '27 days'),
  ('cd000000-0000-0000-0000-000000000002', '00000000-0000-0000-0000-000000000013', 'heart',   NOW() - INTERVAL '27 days'),
  ('cd000000-0000-0000-0000-000000000005', '00000000-0000-0000-0000-000000000010', 'support', NOW() - INTERVAL '19 days'),
  ('cd000000-0000-0000-0000-000000000005', '00000000-0000-0000-0000-000000000011', 'hug',     NOW() - INTERVAL '19 days'),
  ('cd000000-0000-0000-0000-000000000009', '00000000-0000-0000-0000-000000000012', 'heart',   NOW() - INTERVAL '9 days'),
  ('cd000000-0000-0000-0000-000000000009', '00000000-0000-0000-0000-000000000010', 'star',    NOW() - INTERVAL '9 days'),
  ('cd000000-0000-0000-0000-000000000012', '00000000-0000-0000-0000-000000000009', 'hug',     NOW() - INTERVAL '1 day')
ON CONFLICT DO NOTHING;

-- ── 8. CONTENT REPORTS ───────────────────────────────────────
INSERT INTO content_reports (id, reported_by, target_type, target_id, reason, status, created_at)
VALUES
  ('de000000-0000-0000-0000-000000000001', '00000000-0000-0000-0000-000000000011', 'post',    'cd000000-0000-0000-0000-000000000008', 'محتوى مسيء ومضايق',                'open',         NOW() - INTERVAL '11 days'),
  ('de000000-0000-0000-0000-000000000002', '00000000-0000-0000-0000-000000000009', 'post',    'cd000000-0000-0000-0000-000000000008', 'كلمات غير لائقة',                  'open',         NOW() - INTERVAL '10 days'),
  ('de000000-0000-0000-0000-000000000003', '00000000-0000-0000-0000-000000000010', 'user',    '00000000-0000-0000-0000-000000000015', 'مضايقة وتهديد',                    'under_review', NOW() - INTERVAL '8 days'),
  ('de000000-0000-0000-0000-000000000004', '00000000-0000-0000-0000-000000000012', 'post',    'cd000000-0000-0000-0000-000000000005', 'محتوى مزعج',                       'resolved',     NOW() - INTERVAL '6 days'),
  ('de000000-0000-0000-0000-000000000005', '00000000-0000-0000-0000-000000000011', 'post',    'cd000000-0000-0000-0000-000000000004', 'إعلان غير مرغوب',                  'dismissed',    NOW() - INTERVAL '4 days'),
  ('de000000-0000-0000-0000-000000000006', '00000000-0000-0000-0000-000000000013', 'user',    '00000000-0000-0000-0000-000000000010', 'مشاركة معلومات شخصية دون إذن',     'open',         NOW() - INTERVAL '2 days'),
  ('de000000-0000-0000-0000-000000000007', '00000000-0000-0000-0000-000000000009', 'post',    'cd000000-0000-0000-0000-000000000007', 'رسائل إشكالية',                    'open',         NOW() - INTERVAL '1 day')
ON CONFLICT DO NOTHING;

UPDATE content_reports
SET reviewed_by = '00000000-0000-0000-0000-000000000005', reviewed_at = NOW() - INTERVAL '5 days'
WHERE id IN ('de000000-0000-0000-0000-000000000004','de000000-0000-0000-0000-000000000005');

-- ── 9. CONTENT ARTICLES ──────────────────────────────────────
INSERT INTO content_articles (id, title, body, module, language, is_published, author_id, created_at)
VALUES
  ('a0000000-0000-0000-0000-000000000001',
   'كيف تتصرفين في حالة الطوارئ',
   '<p>في حالة الطوارئ، ابقي هادئة. اتصلي بخط الطوارئ 112 أو 911 فوراً. أخبري شخصاً موثوقاً بمكانك الدقيق.</p><h2>الخطوات الأساسية</h2><ul><li>ابقي هادئة وتنفسي بعمق</li><li>اتصلي بالطوارئ</li><li>شاركي موقعك</li><li>اطلبي المساعدة من المحيطين</li></ul>',
   'safety', 'ar', TRUE, '00000000-0000-0000-0000-000000000003', NOW() - INTERVAL '60 days'),
  ('a0000000-0000-0000-0000-000000000002',
   'خطة السلامة الشخصية',
   '<p>ضعي خطة سلامة مسبقاً: أخبري شخصاً موثوقاً بجدولك اليومي. حددي مواقع التجمع الآمنة في حيّك.</p>',
   'safety', 'ar', TRUE, '00000000-0000-0000-0000-000000000003', NOW() - INTERVAL '55 days'),
  ('a0000000-0000-0000-0000-000000000003',
   'السلامة في الفضاء الإلكتروني',
   '<p>لا تشاركي معلوماتك الشخصية مع الغرباء. استخدمي كلمات مرور قوية ومختلفة لكل حساب.</p>',
   'safety', 'en', FALSE, '00000000-0000-0000-0000-000000000004', NOW() - INTERVAL '20 days'),
  ('a0000000-0000-0000-0000-000000000004',
   'كيف تتعاملين مع القلق والتوتر',
   '<p>التنفس العميق يساعد على تهدئة الجهاز العصبي. حاولي التأمل لمدة 10 دقائق يومياً.</p><p>تقنية 4-7-8: استنشقي 4 ثوان، احبسي 7، أخرجي 8.</p>',
   'mental_health', 'ar', TRUE, '00000000-0000-0000-0000-000000000004', NOW() - INTERVAL '50 days'),
  ('a0000000-0000-0000-0000-000000000005',
   'الاعتناء بصحتك النفسية كل يوم',
   '<p>خصصي وقتاً يومياً لنفسك. مارسي الرياضة بانتظام. نامي ساعات كافية. تواصلي مع أحبائك.</p>',
   'mental_health', 'ar', TRUE, '00000000-0000-0000-0000-000000000004', NOW() - INTERVAL '45 days'),
  ('a0000000-0000-0000-0000-000000000006',
   'حقوقك القانونية كامرأة في لبنان',
   '<p>القانون اللبناني يكفل حقوقك. يحق لكِ تقديم شكوى ضد أي تحرش أو عنف. وثّقي كل شيء.</p>',
   'legal', 'ar', TRUE, '00000000-0000-0000-0000-000000000003', NOW() - INTERVAL '40 days'),
  ('a0000000-0000-0000-0000-000000000007',
   'كيف تقدمين بلاغاً للشرطة',
   '<p>اذهبي إلى أقرب مركز شرطة. اطلبي تسجيل بلاغ رسمي. احتفظي بنسخة من البلاغ والرقم المرجعي.</p>',
   'legal', 'ar', TRUE, '00000000-0000-0000-0000-000000000003', NOW() - INTERVAL '35 days'),
  ('a0000000-0000-0000-0000-000000000008',
   'أساسيات الصحة الجسدية للمرأة',
   '<p>الفحوصات الدورية ضرورية. مارسي الرياضة 30 دقيقة يومياً. اشربي 8 أكواب ماء يومياً.</p>',
   'wellness', 'ar', TRUE, '00000000-0000-0000-0000-000000000004', NOW() - INTERVAL '30 days'),
  ('a0000000-0000-0000-0000-000000000009',
   'مبادئ الدفاع عن النفس للمبتدئات',
   '<p>الوعي بمحيطك هو أول خط دفاع. تعلمي تقنيات بسيطة للتحرر من القبضة. الصوت العالي سلاح فعّال.</p>',
   'self_defence', 'ar', TRUE, '00000000-0000-0000-0000-000000000003', NOW() - INTERVAL '25 days'),
  ('a0000000-0000-0000-0000-000000000010',
   'السلامة في وسائل النقل العام',
   '<p>اجلسي قرب السائق أو في مقاعد مرئية. شاركي موقعك مع شخص موثوق طوال الرحلة.</p>',
   'safety', 'ar', TRUE, '00000000-0000-0000-0000-000000000003', NOW() - INTERVAL '15 days'),
  ('a0000000-0000-0000-0000-000000000011',
   'دليل الصحة النفسية للمراهقات',
   '<p>مرحلة المراهقة مليئة بالتغييرات. من الطبيعي الشعور بالتوتر والارتباك. اطلبي المساعدة عند الحاجة.</p>',
   'mental_health', 'ar', FALSE, '00000000-0000-0000-0000-000000000004', NOW() - INTERVAL '10 days'),
  ('a0000000-0000-0000-0000-000000000012',
   'Your Legal Rights as a Woman',
   '<p>Know your rights. You have the right to refuse unwanted contact. Document any harassment with dates, times, and witnesses.</p>',
   'legal', 'en', TRUE, '00000000-0000-0000-0000-000000000003', NOW() - INTERVAL '5 days'),
  ('a0000000-0000-0000-0000-000000000013',
   'نظام تتبع الدورة الشهرية',
   '<p>تتبع دورتك الشهرية يساعدك على فهم جسمك. سجّلي تاريخ البدء والنهاية والأعراض.</p>',
   'wellness', 'ar', TRUE, '00000000-0000-0000-0000-000000000004', NOW() - INTERVAL '3 days'),
  ('a0000000-0000-0000-0000-000000000014',
   'Comment rester en sécurité en ligne',
   '<p>Protégez vos informations personnelles. Utilisez des mots de passe forts. Signalez tout harcèlement en ligne.</p>',
   'safety', 'fr', FALSE, '00000000-0000-0000-0000-000000000003', NOW() - INTERVAL '1 day')
ON CONFLICT DO NOTHING;

-- ── 10. SAFETY QUIZZES ────────────────────────────────────────
INSERT INTO safety_quizzes (id, title, module, difficulty)
VALUES
  ('fe000000-0000-0000-0000-000000000001', 'اختبار السلامة الشخصية — المستوى الأول', 'safety',       'beginner'),
  ('fe000000-0000-0000-0000-000000000002', 'اختبار الدفاع عن النفس — الأساسيات',    'self_defence',  'beginner'),
  ('fe000000-0000-0000-0000-000000000003', 'اختبار الصحة النفسية',                   'wellness',      'intermediate'),
  ('fe000000-0000-0000-0000-000000000004', 'اختبار الحقوق القانونية',                'legal',         'beginner'),
  ('fe000000-0000-0000-0000-000000000005', 'اختبار السلامة الإلكترونية',             'safety',        'intermediate')
ON CONFLICT DO NOTHING;

-- quiz_questions — column is order_index (not sort_order)
INSERT INTO quiz_questions (quiz_id, question_text, options, correct_option_index, explanation, order_index)
VALUES
  ('fe000000-0000-0000-0000-000000000001',
   'ما هو أول شيء تفعلينه في حالة الطوارئ؟',
   '["الاتصال بالطوارئ 112","الهروع فوراً دون تخطيط","إخبار صديقة","إرسال صورة"]',
   0, 'الاتصال بالطوارئ هو دائماً الخطوة الأولى', 1),
  ('fe000000-0000-0000-0000-000000000001',
   'كيف تحافظين على سلامتك أثناء السير ليلاً؟',
   '["السير في مناطق مضاءة ومزدحمة","السير بمفردك في مناطق هادئة","ارتداء سماعات الأذن","تجاهل محيطك"]',
   0, 'السير في مناطق مضاءة يقلل المخاطر', 2),
  ('fe000000-0000-0000-0000-000000000001',
   'ما هي كلمة الأمان في تطبيق نجوم؟',
   '["كلمة سرية تُرسل SOS تلقائياً","كلمة مرور التطبيق","رمز الدخول","اسم المستخدم"]',
   0, 'الكلمة الآمنة تُفعّل SOS دون لفت الانتباه', 3),
  ('fe000000-0000-0000-0000-000000000001',
   'ماذا تفعلين إذا شعرت أن شخصاً يتابعك؟',
   '["ادخلي مكاناً مزدحماً واتصلي بالمساعدة","تسرعي وحدك","واجهيه مباشرة","تجاهلي الأمر"]',
   0, 'الدخول لمكان مزدحم يحمي ويتيح طلب المساعدة', 4),
  ('fe000000-0000-0000-0000-000000000002',
   'ما أفضل أسلوب للتحرر من قبضة شخص على معصمك؟',
   '["الدوران نحو إبهام القابض والشد","الشد للخلف بقوة","الصراخ فقط","الانتظار"]',
   0, 'الدوران نحو الإبهام يكسر القبضة بفعالية', 1),
  ('fe000000-0000-0000-0000-000000000002',
   'أي جزء من الجسم الأكثر فعالية في الدفاع؟',
   '["الكوع والركبة","اليد المفتوحة","الأصابع","الكتف"]',
   0, 'الكوع والركبة أقوى أجزاء الجسم للضرب', 2),
  ('fe000000-0000-0000-0000-000000000002',
   'ما الهدف الأنسب لضربة دفاعية للهرب؟',
   '["منطقة العيون والأنف","الكتف","الذراع","القدم"]',
   0, 'منطقة الوجه تسبب ألماً مؤقتاً يتيح الهرب', 3),
  ('fe000000-0000-0000-0000-000000000003',
   'ما من أعراض القلق الشائعة؟',
   '["التعرق وتسارع ضربات القلب","الشعور بالجوع دائماً","كثرة النوم","ارتفاع الطاقة"]',
   0, 'التعرق وتسارع القلب أعراض جسدية شائعة للقلق', 1),
  ('fe000000-0000-0000-0000-000000000003',
   'أفضل تقنية للتهدئة السريعة عند الذعر؟',
   '["التنفس العميق 4-7-8","شرب القهوة","مشاهدة التلفاز","التفكير في المشكلة"]',
   0, 'تقنية التنفس 4-7-8 تهدئ الجهاز العصبي سريعاً', 2),
  ('fe000000-0000-0000-0000-000000000004',
   'هل يحق لك رفع دعوى قضائية في حالة التحرش؟',
   '["نعم، هذا حق قانوني مكفول","لا، يجب الاكتفاء بالشكوى","فقط إذا كان التحرش جسدياً","فقط بحضور شاهد"]',
   0, 'الحق في التقاضي مكفول قانوناً للجميع', 1),
  ('fe000000-0000-0000-0000-000000000004',
   'ما أهمية توثيق التحرش بالتاريخ والوقت؟',
   '["يقوي قضيتك القانونية","غير ضروري","يعقّد الأمور","يضر بالخصوصية"]',
   0, 'التوثيق الدقيق يدعم أي إجراء قانوني لاحق', 2),
  ('fe000000-0000-0000-0000-000000000005',
   'ما أفضل وسيلة لحماية حساباتك الإلكترونية؟',
   '["كلمات مرور قوية ومختلفة + المصادقة الثنائية","كلمة مرور واحدة لكل الحسابات","مشاركة كلمات المرور مع صديقة","عدم استخدام كلمات مرور"]',
   0, 'كلمات مرور فريدة مع 2FA أقوى حماية ممكنة', 1),
  ('fe000000-0000-0000-0000-000000000005',
   'ما الذي يجب تجنبه على الشبكات العامة؟',
   '["إدخال كلمات المرور والبيانات المصرفية","تصفح الأخبار","مشاهدة الفيديوهات","استخدام خرائط غوغل"]',
   0, 'الشبكات العامة غير آمنة للبيانات الحساسة', 2)
ON CONFLICT DO NOTHING;

-- ── 11. SELF-DEFENCE VIDEOS ──────────────────────────────────
INSERT INTO self_defence_videos (id, title, description, scenario_category, video_url, thumbnail_url, duration_seconds, is_offline_capable, is_published, created_at)
VALUES
  ('bd000000-0000-0000-0000-000000000001',
   'التحرر من قبضة المعصم',
   'تعلمي تقنية الدوران نحو الإبهام للتحرر من أي قبضة بفعالية وسرعة',
   'grabbed', 'https://res.cloudinary.com/njoum/video/upload/v1/videos/wrist_grab.mp4',
   'https://res.cloudinary.com/njoum/image/upload/v1/thumbnails/wrist_grab.jpg',
   180, TRUE, TRUE, NOW() - INTERVAL '45 days'),
  ('bd000000-0000-0000-0000-000000000002',
   'ماذا تفعلين إذا تبعك شخص',
   'خطوات واضحة للتصرف عند الشعور بأن شخصاً يتابعك في الشارع',
   'followed', 'https://res.cloudinary.com/njoum/video/upload/v1/videos/being_followed.mp4',
   NULL,
   240, FALSE, TRUE, NOW() - INTERVAL '40 days'),
  ('bd000000-0000-0000-0000-000000000003',
   'الصرخة كسلاح دفاعي',
   'كيف تستخدمين صوتك بفعالية لطرد المعتدي وجذب الانتباه',
   'attacked', 'https://res.cloudinary.com/njoum/video/upload/v1/videos/vocal_defense.mp4',
   NULL,
   120, TRUE, TRUE, NOW() - INTERVAL '35 days'),
  ('bd000000-0000-0000-0000-000000000004',
   'السلامة من التحرش الإلكتروني',
   'كيف تحمين نفسك من المضايقة الإلكترونية وتوثيق الأدلة وتقديم بلاغ',
   'online_safety', 'https://res.cloudinary.com/njoum/video/upload/v1/videos/online_harassment.mp4',
   NULL,
   300, TRUE, TRUE, NOW() - INTERVAL '30 days'),
  ('bd000000-0000-0000-0000-000000000005',
   'الوعي بالمحيط — المبدأ الأول للسلامة',
   'تدريب عملي على الانتباه لمحيطك والتعرف على علامات الخطر',
   'general', 'https://res.cloudinary.com/njoum/video/upload/v1/videos/situational_awareness.mp4',
   NULL,
   210, TRUE, TRUE, NOW() - INTERVAL '25 days'),
  ('bd000000-0000-0000-0000-000000000006',
   'التحرر من قبضة الكتف',
   'تقنيات فعّالة للتحرر عند الإمساك بالكتف أو بالملابس',
   'grabbed', 'https://res.cloudinary.com/njoum/video/upload/v1/videos/shoulder_grab.mp4',
   NULL,
   150, FALSE, FALSE, NOW() - INTERVAL '10 days'),
  ('bd000000-0000-0000-0000-000000000007',
   'استخدام التطبيق في حالة الطوارئ',
   'دليل كامل لاستخدام ميزات SOS وتتبع الرحلة في نجوم',
   'general', 'https://res.cloudinary.com/njoum/video/upload/v1/videos/app_guide.mp4',
   NULL,
   360, TRUE, TRUE, NOW() - INTERVAL '5 days')
ON CONFLICT DO NOTHING;

-- ── 12. SOS EVENTS ────────────────────────────────────────────
INSERT INTO sos_events (id, user_id, trigger_method, lat, lng, cancelled, cancelled_at, resolved_at, created_at)
VALUES
  ('e0000000-0000-0000-0000-000000000001', '00000000-0000-0000-0000-000000000009', 'button',    33.8886, 35.4955, FALSE, NULL, NULL,                         NOW() - INTERVAL '1 hour'),
  ('e0000000-0000-0000-0000-000000000002', '00000000-0000-0000-0000-000000000010', 'shake',     24.7136, 46.6753, FALSE, NULL, NULL,                         NOW() - INTERVAL '3 hours'),
  ('e0000000-0000-0000-0000-000000000003', '00000000-0000-0000-0000-000000000012', 'safe_word', 25.2048, 55.2708, FALSE, NULL, NULL,                         NOW() - INTERVAL '5 hours'),
  ('e0000000-0000-0000-0000-000000000004', '00000000-0000-0000-0000-000000000011', 'button',    33.8947, 35.5011, FALSE, NULL, NOW() - INTERVAL '2 days',    NOW() - INTERVAL '2 days 2 hours'),
  ('e0000000-0000-0000-0000-000000000005', '00000000-0000-0000-0000-000000000009', 'volume',    33.8734, 35.5180, FALSE, NULL, NOW() - INTERVAL '5 days',    NOW() - INTERVAL '5 days 1 hour'),
  ('e0000000-0000-0000-0000-000000000006', '00000000-0000-0000-0000-000000000013', 'button',    33.8869, 35.5131, FALSE, NULL, NOW() - INTERVAL '7 days',    NOW() - INTERVAL '7 days 30 minutes'),
  ('e0000000-0000-0000-0000-000000000007', '00000000-0000-0000-0000-000000000010', 'shake',     24.6862, 46.7224, FALSE, NULL, NOW() - INTERVAL '10 days',   NOW() - INTERVAL '10 days 45 minutes'),
  ('e0000000-0000-0000-0000-000000000008', '00000000-0000-0000-0000-000000000011', 'button',    33.8905, 35.5012, TRUE,  NOW() - INTERVAL '8 days',  NULL,   NOW() - INTERVAL '8 days'),
  ('e0000000-0000-0000-0000-000000000009', '00000000-0000-0000-0000-000000000012', 'volume',    25.2085, 55.2562, TRUE,  NOW() - INTERVAL '12 days', NULL,   NOW() - INTERVAL '12 days'),
  ('e0000000-0000-0000-0000-000000000010', '00000000-0000-0000-0000-000000000009', 'shake',     33.8886, 35.5019, TRUE,  NOW() - INTERVAL '15 days', NULL,   NOW() - INTERVAL '15 days'),
  ('e0000000-0000-0000-0000-000000000011', '00000000-0000-0000-0000-000000000013', 'button',    33.8734, 35.5180, FALSE, NULL, NOW() - INTERVAL '20 days',   NOW() - INTERVAL '20 days 20 minutes'),
  ('e0000000-0000-0000-0000-000000000012', '00000000-0000-0000-0000-000000000011', 'safe_word', 33.8905, 35.5012, FALSE, NULL, NOW() - INTERVAL '25 days',   NOW() - INTERVAL '25 days 15 minutes')
ON CONFLICT DO NOTHING;

-- ── 13. JOURNEY TRACKS ────────────────────────────────────────
INSERT INTO journey_tracks (user_id, destination, expected_arrival, marked_safe, marked_safe_at, created_at)
VALUES
  ('00000000-0000-0000-0000-000000000009', 'الجامعة الأمريكية في بيروت', NOW() - INTERVAL '4 days 22 hours', TRUE,  NOW() - INTERVAL '4 days 23 hours', NOW() - INTERVAL '5 days'),
  ('00000000-0000-0000-0000-000000000009', 'المستشفى الأمريكي',           NOW() - INTERVAL '9 days 22 hours', TRUE,  NOW() - INTERVAL '9 days 23 hours', NOW() - INTERVAL '10 days'),
  ('00000000-0000-0000-0000-000000000011', 'مترو بيروت',                  NOW() - INTERVAL '2 days 23 hours', TRUE,  NOW() - INTERVAL '3 days',          NOW() - INTERVAL '3 days'),
  ('00000000-0000-0000-0000-000000000010', 'مركز التسوق الرياض',          NOW() - INTERVAL '6 days 21 hours', TRUE,  NOW() - INTERVAL '7 days',          NOW() - INTERVAL '7 days'),
  ('00000000-0000-0000-0000-000000000012', 'مطار دبي الدولي',             NOW() - INTERVAL '1 day 22 hours',  FALSE, NULL,                               NOW() - INTERVAL '2 days')
ON CONFLICT DO NOTHING;

-- ── 14. MOOD LOGS (30 days for 5 users) ───────────────────────
DELETE FROM mood_logs WHERE user_id IN (
  '00000000-0000-0000-0000-000000000009',
  '00000000-0000-0000-0000-000000000010',
  '00000000-0000-0000-0000-000000000011',
  '00000000-0000-0000-0000-000000000012',
  '00000000-0000-0000-0000-000000000013'
);

INSERT INTO mood_logs (user_id, score, emoji, log_date)
SELECT
  u.id,
  CASE WHEN random() > 0.6 THEN 4
       WHEN random() > 0.3 THEN 3
       ELSE 2 END,
  CASE WHEN random() > 0.7 THEN '😊'
       WHEN random() > 0.4 THEN '😐'
       ELSE '😔' END,
  CURRENT_DATE - s.days
FROM (VALUES
  ('00000000-0000-0000-0000-000000000009'::uuid),
  ('00000000-0000-0000-0000-000000000010'::uuid),
  ('00000000-0000-0000-0000-000000000011'::uuid),
  ('00000000-0000-0000-0000-000000000012'::uuid),
  ('00000000-0000-0000-0000-000000000013'::uuid)
) AS u(id)
CROSS JOIN generate_series(0, 59) AS s(days);

-- ── 15. JOURNAL ENTRIES ───────────────────────────────────────
-- content_encrypted is a base64 placeholder (real app uses AES-256-GCM)
INSERT INTO journal_entries (user_id, content_encrypted, is_cloud_backed, created_at)
VALUES
  ('00000000-0000-0000-0000-000000000009', 'PLACEHOLDER_ENC_YW0gZmVlbGluZyBiZXR0ZXIgdG9kYXk=', TRUE,  NOW() - INTERVAL '20 days'),
  ('00000000-0000-0000-0000-000000000009', 'PLACEHOLDER_ENC_aGFkIGEgaGFyZCBkYXkgYXQgc2Nob29s', TRUE,  NOW() - INTERVAL '15 days'),
  ('00000000-0000-0000-0000-000000000009', 'PLACEHOLDER_ENC_Z3JhdGVmdWwgZm9yIG15IGZhbWlseQ==',  TRUE,  NOW() - INTERVAL '5 days'),
  ('00000000-0000-0000-0000-000000000011', 'PLACEHOLDER_ENC_cHJhY3RpY2VkIG1lZGl0YXRpb24=',     FALSE, NOW() - INTERVAL '12 days'),
  ('00000000-0000-0000-0000-000000000011', 'PLACEHOLDER_ENC_ZmVlbGluZyBhbnhpb3VzIGFib3V0IGV4YW1z', TRUE, NOW() - INTERVAL '7 days'),
  ('00000000-0000-0000-0000-000000000012', 'PLACEHOLDER_ENC_aGFkIGEgZ29vZCBkYXkgYXQgd29yaw==',  TRUE,  NOW() - INTERVAL '3 days')
ON CONFLICT DO NOTHING;

-- ── 16. MENSTRUAL CYCLES ─────────────────────────────────────
INSERT INTO menstrual_cycles (user_id, start_date, end_date, flow_intensity, symptoms, created_at)
VALUES
  ('00000000-0000-0000-0000-000000000009', CURRENT_DATE - INTERVAL '35 days', CURRENT_DATE - INTERVAL '30 days', 'medium', '["cramps","bloating","mood_swings"]', NOW() - INTERVAL '35 days'),
  ('00000000-0000-0000-0000-000000000009', CURRENT_DATE - INTERVAL '7 days',  CURRENT_DATE - INTERVAL '3 days',  'light',  '["cramps"]',                          NOW() - INTERVAL '7 days'),
  ('00000000-0000-0000-0000-000000000010', CURRENT_DATE - INTERVAL '32 days', CURRENT_DATE - INTERVAL '27 days', 'heavy',  '["cramps","bloating","fatigue"]',     NOW() - INTERVAL '32 days'),
  ('00000000-0000-0000-0000-000000000010', CURRENT_DATE - INTERVAL '4 days',  CURRENT_DATE - INTERVAL '1 day',   'medium', '["mood_swings"]',                     NOW() - INTERVAL '4 days'),
  ('00000000-0000-0000-0000-000000000011', CURRENT_DATE - INTERVAL '28 days', CURRENT_DATE - INTERVAL '23 days', 'light',  '["headache"]',                        NOW() - INTERVAL '28 days'),
  ('00000000-0000-0000-0000-000000000012', CURRENT_DATE - INTERVAL '30 days', CURRENT_DATE - INTERVAL '25 days', 'spotting','[]',                                 NOW() - INTERVAL '30 days')
ON CONFLICT DO NOTHING;

-- ── 17. CYCLE REMINDERS ───────────────────────────────────────
INSERT INTO cycle_reminders (user_id, reminder_type, days_before, is_active)
VALUES
  ('00000000-0000-0000-0000-000000000009', 'period_due',  3, TRUE),
  ('00000000-0000-0000-0000-000000000009', 'hydration',   0, TRUE),
  ('00000000-0000-0000-0000-000000000010', 'period_due',  5, TRUE),
  ('00000000-0000-0000-0000-000000000010', 'pill',        0, TRUE),
  ('00000000-0000-0000-0000-000000000011', 'period_due',  2, TRUE),
  ('00000000-0000-0000-0000-000000000012', 'period_due',  3, FALSE)
ON CONFLICT DO NOTHING;

-- ── 18. BADGES ───────────────────────────────────────────────
INSERT INTO badges (id, name, description, module, category)
VALUES
  ('b0000000-0000-0000-0000-000000000001', 'مستكشفة الأمان',         'أكملت وحدة السلامة الشخصية الأساسية',           'safety',       'personal_safety'),
  ('b0000000-0000-0000-0000-000000000002', 'حارسة المجتمع',          'شاركت في 10 مشاركات مجتمعية مفيدة',             'community',    'participation'),
  ('b0000000-0000-0000-0000-000000000003', 'محاربة الدفاع عن النفس', 'أتقنت تقنيات الدفاع عن النفس — المستوى الأول', 'self_defence', 'level_1'),
  ('b0000000-0000-0000-0000-000000000004', 'فتاة كشافة',             'انضمت إلى فوج الكشافة وأكملت أول نشاط',         'scouts',       'recruitment'),
  ('b0000000-0000-0000-0000-000000000005', 'نجمة الصحة',             'تابعت دورة كاملة لتتبع الصحة الشهرية',          'wellness',     'cycle_tracking'),
  ('b0000000-0000-0000-0000-000000000006', 'المشجعة',                'دعمت زميلاتها في 5 مواقف مختلفة',               'community',    'support'),
  ('b0000000-0000-0000-0000-000000000007', 'خبيرة القانون',           'أكملت وحدة الحقوق القانونية',                   'safety',       'legal_awareness'),
  ('b0000000-0000-0000-0000-000000000008', 'رائدة الكشافة',           'قادت فريقاً وأكملت 5 أنشطة كشفية',              'scouts',       'leadership'),
  ('b0000000-0000-0000-0000-000000000009', 'محاربة الإنترنت',         'اجتازت اختبار السلامة الإلكترونية بنجاح',       'safety',       'online_safety'),
  ('b0000000-0000-0000-0000-000000000010', 'يومياتي السرية',          'كتبت في مفكرتها 7 أيام متواصلة',                'wellness',     'journaling')
ON CONFLICT (name) DO NOTHING;

-- ── 19. SCOUTS TROOPS ────────────────────────────────────────
INSERT INTO scouts_troops (id, name, region, country, age_tier, leader_id)
VALUES
  ('ab000000-0000-0000-0000-000000000001', 'فوج نجوم بيروت',       'بيروت',      'LB', 'guide_9_12',   '00000000-0000-0000-0000-000000000006'),
  ('ab000000-0000-0000-0000-000000000002', 'فوج نجوم جبل لبنان',   'جبل لبنان',  'LB', 'senior_13_17', '00000000-0000-0000-0000-000000000007'),
  ('ab000000-0000-0000-0000-000000000003', 'فوج نجوم الجنوب',       'صيدا',       'LB', 'brownie_6_8',  '00000000-0000-0000-0000-000000000008'),
  ('ab000000-0000-0000-0000-000000000004', 'فوج نجوم الرياض',       'الرياض',     'SA', 'guide_9_12',   '00000000-0000-0000-0000-000000000007')
ON CONFLICT DO NOTHING;

INSERT INTO troop_members (troop_id, user_id, status, joined_at)
VALUES
  ('ab000000-0000-0000-0000-000000000001', '00000000-0000-0000-0000-000000000009', 'active',   NOW() - INTERVAL '40 days'),
  ('ab000000-0000-0000-0000-000000000001', '00000000-0000-0000-0000-000000000013', 'active',   NOW() - INTERVAL '20 days'),
  ('ab000000-0000-0000-0000-000000000002', '00000000-0000-0000-0000-000000000011', 'active',   NOW() - INTERVAL '30 days'),
  ('ab000000-0000-0000-0000-000000000002', '00000000-0000-0000-0000-000000000012', 'active',   NOW() - INTERVAL '25 days'),
  ('ab000000-0000-0000-0000-000000000004', '00000000-0000-0000-0000-000000000010', 'active',   NOW() - INTERVAL '15 days')
ON CONFLICT DO NOTHING;

-- ── 20. ACTIVITIES ───────────────────────────────────────────
INSERT INTO activities (id, title, description, age_tier, category, badge_id, is_offline_capable)
VALUES
  ('ac000000-0000-0000-0000-000000000001', 'خريطة أماني',          'ارسمي خريطة لمنطقتك وحددي الأماكن الآمنة والخطرة', 'all',          'safety',       'b0000000-0000-0000-0000-000000000001', TRUE),
  ('ac000000-0000-0000-0000-000000000002', 'صديقتي المحقق',         'تعلمي كيف تلاحظين تفاصيل محيطك بعناية وانتباه',    'all',          'safety',       'b0000000-0000-0000-0000-000000000001', TRUE),
  ('ac000000-0000-0000-0000-000000000003', 'دفاعي الأول',           'تمرين أساسيات الدفاع عن النفس مع شريكة تدريب',     'senior_13_17', 'self_defence', 'b0000000-0000-0000-0000-000000000003', FALSE),
  ('ac000000-0000-0000-0000-000000000004', 'يومي المبهج',           'سجّلي ثلاثة أشياء ممتنة لها يومياً لأسبوع كامل',   'all',          'wellness',     'b0000000-0000-0000-0000-000000000005', TRUE),
  ('ac000000-0000-0000-0000-000000000005', 'المساعدة المجتمعية',    'نظمي نشاطاً مجتمعياً أو تطوعي في مبادرة محلية',    'senior_13_17', 'community',    'b0000000-0000-0000-0000-000000000002', FALSE),
  ('ac000000-0000-0000-0000-000000000006', 'كشافة الطبيعة',         'نزهة في الطبيعة مع تحديد النباتات والطرق الآمنة',  'guide_9_12',   'scouts',       'b0000000-0000-0000-0000-000000000004', FALSE),
  ('ac000000-0000-0000-0000-000000000007', 'الإسعافات الأولية',     'تعلمي أساسيات الإسعافات الأولية والإنعاش القلبي',  'senior_13_17', 'first_aid',    'b0000000-0000-0000-0000-000000000007', FALSE),
  ('ac000000-0000-0000-0000-000000000008', 'حقوقي أعرفها',          'اقرئي دليل الحقوق القانونية وأجيبي على الأسئلة',   'all',          'legal',        'b0000000-0000-0000-0000-000000000007', TRUE),
  ('ac000000-0000-0000-0000-000000000009', 'إنترنت آمن',            'مراجعة إعدادات الخصوصية في وسائل التواصل',          'all',          'safety',       'b0000000-0000-0000-0000-000000000009', TRUE),
  ('ac000000-0000-0000-0000-000000000010', 'يوميات الأسبوع',        'اكتبي في دفتر يومياتك 7 أيام متتالية',             'all',          'wellness',     'b0000000-0000-0000-0000-000000000010', TRUE)
ON CONFLICT DO NOTHING;

-- ── 21. ACTIVITY COMPLETIONS ─────────────────────────────────
INSERT INTO activity_completions (activity_id, user_id, verified_by, verified_at)
VALUES
  ('ac000000-0000-0000-0000-000000000001', '00000000-0000-0000-0000-000000000009', '00000000-0000-0000-0000-000000000006', NOW() - INTERVAL '35 days'),
  ('ac000000-0000-0000-0000-000000000002', '00000000-0000-0000-0000-000000000009', '00000000-0000-0000-0000-000000000006', NOW() - INTERVAL '30 days'),
  ('ac000000-0000-0000-0000-000000000004', '00000000-0000-0000-0000-000000000011', '00000000-0000-0000-0000-000000000007', NOW() - INTERVAL '25 days'),
  ('ac000000-0000-0000-0000-000000000006', '00000000-0000-0000-0000-000000000013', '00000000-0000-0000-0000-000000000006', NOW() - INTERVAL '18 days'),
  ('ac000000-0000-0000-0000-000000000001', '00000000-0000-0000-0000-000000000012', '00000000-0000-0000-0000-000000000007', NOW() - INTERVAL '15 days'),
  ('ac000000-0000-0000-0000-000000000008', '00000000-0000-0000-0000-000000000011', '00000000-0000-0000-0000-000000000006', NOW() - INTERVAL '10 days'),
  ('ac000000-0000-0000-0000-000000000009', '00000000-0000-0000-0000-000000000009', '00000000-0000-0000-0000-000000000006', NOW() - INTERVAL '7 days'),
  ('ac000000-0000-0000-0000-000000000010', '00000000-0000-0000-0000-000000000011', '00000000-0000-0000-0000-000000000007', NOW() - INTERVAL '3 days')
ON CONFLICT DO NOTHING;

-- ── 22. USER BADGES ──────────────────────────────────────────
INSERT INTO user_badges (user_id, badge_id, awarded_by)
VALUES
  ('00000000-0000-0000-0000-000000000009', 'b0000000-0000-0000-0000-000000000001', '00000000-0000-0000-0000-000000000006'),
  ('00000000-0000-0000-0000-000000000009', 'b0000000-0000-0000-0000-000000000004', '00000000-0000-0000-0000-000000000006'),
  ('00000000-0000-0000-0000-000000000009', 'b0000000-0000-0000-0000-000000000009', '00000000-0000-0000-0000-000000000006'),
  ('00000000-0000-0000-0000-000000000011', 'b0000000-0000-0000-0000-000000000005', '00000000-0000-0000-0000-000000000007'),
  ('00000000-0000-0000-0000-000000000011', 'b0000000-0000-0000-0000-000000000007', '00000000-0000-0000-0000-000000000006'),
  ('00000000-0000-0000-0000-000000000011', 'b0000000-0000-0000-0000-000000000010', '00000000-0000-0000-0000-000000000007'),
  ('00000000-0000-0000-0000-000000000012', 'b0000000-0000-0000-0000-000000000001', '00000000-0000-0000-0000-000000000007'),
  ('00000000-0000-0000-0000-000000000013', 'b0000000-0000-0000-0000-000000000004', '00000000-0000-0000-0000-000000000006')
ON CONFLICT DO NOTHING;

-- ── 23. MENTOR ASSIGNMENTS ────────────────────────────────────
INSERT INTO mentor_assignments (id, mentee_id, mentor_id, status, assigned_at, ended_at, message)
VALUES
  ('da000000-0000-0000-0000-000000000001', '00000000-0000-0000-0000-000000000009', '00000000-0000-0000-0000-000000000006', 'active',  NOW() - INTERVAL '30 days', NULL,                        'أريد منتورة في مجال السلامة الشخصية'),
  ('da000000-0000-0000-0000-000000000002', '00000000-0000-0000-0000-000000000011', '00000000-0000-0000-0000-000000000007', 'active',  NOW() - INTERVAL '20 days', NULL,                        'أحتاج دعماً في مرحلة الجامعة'),
  ('da000000-0000-0000-0000-000000000003', '00000000-0000-0000-0000-000000000012', '00000000-0000-0000-0000-000000000008', 'pending', NOW() - INTERVAL '5 days',  NULL,                        'أبحث عن منتورة في مجال المهنة'),
  ('da000000-0000-0000-0000-000000000004', '00000000-0000-0000-0000-000000000010', '00000000-0000-0000-0000-000000000006', 'ended',   NOW() - INTERVAL '60 days', NOW() - INTERVAL '40 days', 'أريد تطوير مهاراتي القيادية')
ON CONFLICT DO NOTHING;

-- ── 24. EVENTS ────────────────────────────────────────────────
INSERT INTO events (id, title, description, event_type, starts_at, ends_at, country, region, is_online, url, created_at)
VALUES
  ('ea000000-0000-0000-0000-000000000001',
   'ورشة السلامة الشخصية',
   'ورشة تعليمية مكثفة حول مهارات السلامة في الأماكن العامة وأساسيات الدفاع عن النفس',
   'workshop',
   NOW() + INTERVAL '7 days', NOW() + INTERVAL '7 days 3 hours',
   'LB', 'بيروت', FALSE, NULL, NOW()),
  ('ea000000-0000-0000-0000-000000000002',
   'ندوة الصحة النفسية للمراهقات',
   'ندوة إلكترونية مع متخصصات في علم النفس تناقش تحديات المراهقة وكيفية التعامل معها',
   'webinar',
   NOW() + INTERVAL '14 days', NOW() + INTERVAL '14 days 2 hours',
   NULL, NULL, TRUE, 'https://meet.google.com/njoum-mental-health', NOW()),
  ('ea000000-0000-0000-0000-000000000003',
   'اجتماع فوج نجوم بيروت الشهري',
   'اجتماعنا الشهري لمناقشة الأنشطة القادمة وتوزيع الشارات',
   'troop_meeting',
   NOW() + INTERVAL '10 days', NOW() + INTERVAL '10 days 2 hours',
   'LB', 'بيروت', FALSE, NULL, NOW()),
  ('ea000000-0000-0000-0000-000000000004',
   'يوم التطوع المجتمعي',
   'يوم عمل تطوعي مع منظمات محلية في بيروت لخدمة المجتمع',
   'community_service',
   NOW() + INTERVAL '21 days', NOW() + INTERVAL '21 days 5 hours',
   'LB', 'بيروت', FALSE, NULL, NOW()),
  ('ea000000-0000-0000-0000-000000000005',
   'لقاء نجوم السعودية',
   'لقاء تعارف ودعم للمستخدمات في المملكة العربية السعودية',
   'meetup',
   NOW() + INTERVAL '30 days', NOW() + INTERVAL '30 days 3 hours',
   'SA', 'الرياض', FALSE, NULL, NOW()),
  -- Past events
  ('ea000000-0000-0000-0000-000000000006',
   'ورشة حقوقي أعرفها',
   'ورشة حول الحقوق القانونية للمرأة في لبنان',
   'workshop',
   NOW() - INTERVAL '20 days', NOW() - INTERVAL '20 days' + INTERVAL '3 hours',
   'LB', 'بيروت', FALSE, NULL, NOW() - INTERVAL '25 days'),
  ('ea000000-0000-0000-0000-000000000007',
   'ندوة السلامة الإلكترونية',
   'كيف تحمين نفسك من التحرش الإلكتروني',
   'webinar',
   NOW() - INTERVAL '10 days', NOW() - INTERVAL '10 days' + INTERVAL '2 hours',
   NULL, NULL, TRUE, 'https://meet.google.com/njoum-cyber-safety', NOW() - INTERVAL '15 days')
ON CONFLICT DO NOTHING;

-- ── 25. LEGAL GUIDES ─────────────────────────────────────────
INSERT INTO legal_guides (title, body, category, country, language, version, is_published, author_id)
VALUES
  ('كيف تُقدمين بلاغاً عن تحرش',
   '<p>الخطوات القانونية لتقديم بلاغ: توجهي لمركز الشرطة المختص. اطلبي محضر رسمي واحتفظي بنسخة.</p>',
   'police_report', 'LB', 'ar', 1, TRUE, '00000000-0000-0000-0000-000000000003'),
  ('حقوقك في مواجهة التحرش الإلكتروني',
   '<p>التحرش الإلكتروني جريمة يعاقب عليها القانون. وثّقي الرسائل والمنشورات بلقطات شاشة.</p>',
   'online_harassment', 'LB', 'ar', 1, TRUE, '00000000-0000-0000-0000-000000000003'),
  ('دليل حقوق المرأة العاملة',
   '<p>لكِ الحق في بيئة عمل آمنة. التحرش في العمل ممنوع قانوناً. يمكنك تقديم شكوى لوزارة العمل.</p>',
   'rights', 'LB', 'ar', 1, TRUE, '00000000-0000-0000-0000-000000000004'),
  ('كيف تحصلين على أمر ابتعاد',
   '<p>يمكنك طلب أمر ابتعاد من المحكمة. تحتاجين إلى توثيق التهديدات والاعتداءات.</p>',
   'restraining_order', 'LB', 'ar', 1, FALSE, '00000000-0000-0000-0000-000000000003'),
  ('Your Rights Against Online Harassment',
   '<p>Online harassment is a crime. Document all messages. Report to platform and police. Seek legal advice.</p>',
   'online_harassment', 'LB', 'en', 1, TRUE, '00000000-0000-0000-0000-000000000004')
ON CONFLICT DO NOTHING;

-- ── 26. LEGAL AID ORGS ───────────────────────────────────────
INSERT INTO legal_aid_orgs (name, website_url, phone, country, region, is_verified, is_active)
VALUES
  ('كفى — عنف واستغلال',          'https://kafa.org.lb',         '+961 3 015 320', 'LB', 'بيروت',     TRUE, TRUE),
  ('منظمة أبعاد',                  'https://abaadmena.org',       '+961 1 751 092', 'LB', 'بيروت',     TRUE, TRUE),
  ('جمعية المحامين الشباب',        NULL,                          '+961 1 980 520', 'LB', 'بيروت',     TRUE, TRUE),
  ('هيئة حقوق الإنسان — السعودية', 'https://www.hrc.gov.sa',     '8001660',        'SA', 'الرياض',    TRUE, TRUE),
  ('المجلس الوطني للمرأة — مصر',   'https://www.ncwegypt.com',   '+20 2 2736 4994','EG', 'القاهرة',   TRUE, TRUE),
  ('هيئة الأمم المتحدة للمرأة',    'https://arabstates.unwomen.org',NULL,           'AE', 'أبوظبي',   TRUE, TRUE)
ON CONFLICT DO NOTHING;

-- ── 27. NOTIFICATION PREFERENCES ─────────────────────────────
INSERT INTO notification_preferences (user_id, notification_type, channel, is_enabled)
VALUES
  ('00000000-0000-0000-0000-000000000009', 'sos_alert',      'push', TRUE),
  ('00000000-0000-0000-0000-000000000009', 'period_reminder','push', TRUE),
  ('00000000-0000-0000-0000-000000000009', 'affirmation',    'push', TRUE),
  ('00000000-0000-0000-0000-000000000009', 'journey_alert',  'sms',  TRUE),
  ('00000000-0000-0000-0000-000000000010', 'sos_alert',      'push', TRUE),
  ('00000000-0000-0000-0000-000000000010', 'period_reminder','push', FALSE),
  ('00000000-0000-0000-0000-000000000010', 'affirmation',    'push', TRUE),
  ('00000000-0000-0000-0000-000000000011', 'sos_alert',      'push', TRUE),
  ('00000000-0000-0000-0000-000000000011', 'badge_earned',   'push', TRUE),
  ('00000000-0000-0000-0000-000000000011', 'affirmation',    'push', FALSE),
  ('00000000-0000-0000-0000-000000000012', 'sos_alert',      'push', TRUE),
  ('00000000-0000-0000-0000-000000000012', 'period_reminder','sms',  TRUE),
  ('00000000-0000-0000-0000-000000000013', 'sos_alert',      'push', TRUE),
  ('00000000-0000-0000-0000-000000000013', 'affirmation',    'push', TRUE)
ON CONFLICT DO NOTHING;

-- ── 28. AUDIT LOGS ───────────────────────────────────────────
INSERT INTO audit_logs (user_id, action, target_type, target_id, metadata, created_at)
VALUES
  ('00000000-0000-0000-0000-000000000001', 'user.role_changed',  'user',           '00000000-0000-0000-0000-000000000002', '{"old_role":"super_admin","new_role":"content_admin"}', NOW() - INTERVAL '85 days'),
  ('00000000-0000-0000-0000-000000000001', 'user.role_changed',  'user',           '00000000-0000-0000-0000-000000000005', '{"new_role":"community_moderator"}',                   NOW() - INTERVAL '70 days'),
  ('00000000-0000-0000-0000-000000000001', 'hotline.created',    'hotline',        'aa000000-0000-0000-0000-000000000001', '{}',                                                   NOW() - INTERVAL '60 days'),
  ('00000000-0000-0000-0000-000000000002', 'hotline.updated',    'hotline',        'aa000000-0000-0000-0000-000000000003', '{"is_active":true}',                                   NOW() - INTERVAL '55 days'),
  ('00000000-0000-0000-0000-000000000001', 'user.banned',        'user',           '00000000-0000-0000-0000-000000000015', '{"reason":"انتهاك شروط الاستخدام"}',                  NOW() - INTERVAL '5 days'),
  ('00000000-0000-0000-0000-000000000005', 'report.resolved',    'content_report', 'de000000-0000-0000-0000-000000000004', '{}',                                                   NOW() - INTERVAL '5 days'),
  ('00000000-0000-0000-0000-000000000005', 'report.dismissed',   'content_report', 'de000000-0000-0000-0000-000000000005', '{"reason":"لا أساس له"}',                             NOW() - INTERVAL '4 days'),
  ('00000000-0000-0000-0000-000000000003', 'content.published',  'article',        'a0000000-0000-0000-0000-000000000001', '{}',                                                   NOW() - INTERVAL '60 days'),
  ('00000000-0000-0000-0000-000000000004', 'content.published',  'article',        'a0000000-0000-0000-0000-000000000004', '{}',                                                   NOW() - INTERVAL '50 days'),
  ('00000000-0000-0000-0000-000000000006', 'badge.awarded',      'user_badge',     '00000000-0000-0000-0000-000000000009', '{"badge_id":"b0000000-0000-0000-0000-000000000001"}',  NOW() - INTERVAL '35 days'),
  ('00000000-0000-0000-0000-000000000001', 'video.created',      'video',          'bd000000-0000-0000-0000-000000000001', '{}',                                                   NOW() - INTERVAL '45 days'),
  ('00000000-0000-0000-0000-000000000001', 'event.created',      'event',          'ea000000-0000-0000-0000-000000000001', '{}',                                                   NOW())
ON CONFLICT DO NOTHING;
